-- phpMyAdmin SQL Dump
-- version 5.1.1
-- https://www.phpmyadmin.net/
--
-- Host: localhost
-- Waktu pembuatan: 15 Mar 2022 pada 00.07
-- Versi server: 10.4.21-MariaDB
-- Versi PHP: 8.0.12

SET SQL_MODE = "NO_AUTO_VALUE_ON_ZERO";
START TRANSACTION;
SET time_zone = "+00:00";


/*!40101 SET @OLD_CHARACTER_SET_CLIENT=@@CHARACTER_SET_CLIENT */;
/*!40101 SET @OLD_CHARACTER_SET_RESULTS=@@CHARACTER_SET_RESULTS */;
/*!40101 SET @OLD_COLLATION_CONNECTION=@@COLLATION_CONNECTION */;
/*!40101 SET NAMES utf8mb4 */;

--
-- Database: `scii`
--

-- --------------------------------------------------------

--
-- Struktur dari tabel `akategoris`
--

CREATE TABLE `akategoris` (
  `id` int(10) UNSIGNED NOT NULL,
  `judul` varchar(191) COLLATE utf8mb4_unicode_ci NOT NULL,
  `slug` varchar(191) COLLATE utf8mb4_unicode_ci NOT NULL,
  `created_at` timestamp NULL DEFAULT NULL,
  `updated_at` timestamp NULL DEFAULT NULL
) ENGINE=InnoDB DEFAULT CHARSET=utf8mb4 COLLATE=utf8mb4_unicode_ci;

--
-- Dumping data untuk tabel `akategoris`
--

INSERT INTO `akategoris` (`id`, `judul`, `slug`, `created_at`, `updated_at`) VALUES
(1, 'promo', 'promo', '2019-01-03 08:30:37', '2020-12-10 07:23:24'),
(2, 'Powder Coating', 'powder-coating', '2019-01-17 05:03:28', '2019-01-17 05:03:28'),
(3, 'Cat Tembok', 'cat-tembok', '2019-01-22 06:04:33', '2019-01-22 06:04:33'),
(4, 'Cat Tembok Tinting', 'cat-tembok-tinting', '2019-01-22 06:05:04', '2019-01-22 06:05:04'),
(5, 'Cat Spesial', 'cat-spesial', '2019-01-22 06:06:52', '2019-01-22 06:06:52'),
(6, 'Waterproofing', 'waterproofing', '2019-01-22 06:08:13', '2019-01-22 06:08:13'),
(7, 'Cat Lantai', 'cat-lantai', '2019-01-22 06:08:43', '2019-01-22 06:08:43'),
(8, 'Cat Bercahaya', 'cat-bercahaya', '2019-01-30 01:53:22', '2019-01-30 01:53:22'),
(9, 'kegiatan', 'kegiatan', '2020-12-10 06:52:22', '2020-12-10 06:52:22'),
(10, 'artikel', 'artikel', '2020-12-10 06:52:57', '2020-12-10 07:24:39');

-- --------------------------------------------------------

--
-- Struktur dari tabel `artikels`
--

CREATE TABLE `artikels` (
  `id` int(10) UNSIGNED NOT NULL,
  `judul` varchar(191) COLLATE utf8mb4_unicode_ci NOT NULL,
  `akategori_id` varchar(191) COLLATE utf8mb4_unicode_ci NOT NULL,
  `img` varchar(191) COLLATE utf8mb4_unicode_ci NOT NULL,
  `content` longtext COLLATE utf8mb4_unicode_ci NOT NULL,
  `slug` varchar(191) COLLATE utf8mb4_unicode_ci NOT NULL,
  `created_at` timestamp NULL DEFAULT NULL,
  `updated_at` timestamp NULL DEFAULT NULL
) ENGINE=InnoDB DEFAULT CHARSET=utf8mb4 COLLATE=utf8mb4_unicode_ci;

--
-- Dumping data untuk tabel `artikels`
--

INSERT INTO `artikels` (`id`, `judul`, `akategori_id`, `img`, `content`, `slug`, `created_at`, `updated_at`) VALUES
(1, 'Gebyar Undian Berhadiah SCI Paint', '1', 'img/artikel/1551848839Gebyar_Undian_2019.jpg', '<p style=\"text-align: justify;\">Ayo ikutan promo <b>\"Gebyar Undian Berhadiah\"</b> Dapatkan kesempatan memenangkan 1 unit mobil Mitsubishi Xpander, 1 unit mobil Honda Brio, 15 unit sepeda motor Yamaha Lexi, 15 unit TV LED Samsung 32\", 30 unit HP Samsung, serta 75 unit sepeda gunung... untuk setiap pembelian produk cat San Central Indah (SCI Paint).&nbsp;<p align=\"center\"><span class=\"fr-video fr-fvc fr-dvb fr-draggable\" draggable=\"true\" contenteditable=\"false\"><iframe src=\"https://www.youtube.com/embed/TjbndqxayJE?wmode=opaque\" allowfullscreen=\"\" class=\"fr-draggable\" style=\"width: 520px; height: 292px;\" __idm_id__=\"518205441\" frameborder=\"0\"></iframe></span></p><p style=\"text-align: justify;\"><br>Berikut adalah syarat dan ketentuannya:</p><ul style=\"list-style-type: circle;\"><li style=\"text-align: justify;\">Periode promo Januari &Atilde;&cent;&acirc;&#130;&not;&acirc;&#128;&#156; Mei 2019.</li><li style=\"text-align: justify;\">Setiap pembelian minimal Rp 100.000,- (untuk semua produk PT. SCI) berhak mendapatkan satu lembar kupon undian (berlaku kelipatan).</li><li style=\"text-align: justify;\">Kupon undian dibagi menjadi 3 bagian, satu lembar untuk dimasukkan ke dalam kotak undian, bagian yang lainnya untuk disimpan sebagai bukti pengambilan hadiah (toko &amp; pembeli).</li><li style=\"text-align: justify;\">Kotak undian diambil pada akhir periode undian oleh sales PT. NSI. Pengambilan kotak undian dilakukan dalam jangka waktu 14 hari setelah periode undian selesai.</li><li style=\"text-align: justify;\">Promo tidak berlaku untuk karyawan dan keluarga PT. NSI, PT. SCI, agen, serta penyalur.</li><li style=\"text-align: justify;\">Pajak undian ditanggung oleh pemenang.</li><li style=\"text-align: justify;\">Pengumuman pemenang diinformasikan pada para pemenang melalui surat resmi, email, website, social media, dan pengumuman melalui media massa.</li><li style=\"text-align: justify;\">Hadiah diundi pada Juni 2019 disaksikan oleh notaris dan pejabat yang berwenang.</li><li style=\"text-align: justify;\">Promo berlaku untuk semua konsumen <a href=\"http://www.nusasarana.id\" rel=\"noopener noreferrer\" target=\"_blank\">PT. NSI</a>.</li><li style=\"text-align: justify;\">Kupon undian wajib diisi lengkap agar hadiah bisa diklaim.</li><li style=\"text-align: justify;\">Pada saat pengambilan hadiah, pemenang wajib menyerahkan bukti kupon undian yang sudah distempel toko.</li><li style=\"text-align: justify;\">Hasil pengundian bersifat final dan tidak dapat diganggu gugat.</li><li style=\"text-align: justify;\">Izin Kemensos RI: 44/DYS-PSDBS.PI.01.01/01/2019.</li></ul><p style=\"text-align: justify;\"><b>Tunggu apalagi?</b> Ayo segera beli produk SCI Paint: cat tembok tinting Kem-Tone, cat tembok tinting UltraShield, cat tembok tinting Spectrum, cat tembok tinting ColorTone, cat tembok Tamitex, cat tembok Vinotex, cat tembok Panatex, cat tembok Apollo, cat genteng Tamitex, cat genteng Panatex, cat pelapis anti bocor Tamitex Pro, cat kayu/besi ABC.</p><p></p></p>\n', 'gebyar-undian-berhadiah-sci-paint', '2019-01-03 08:34:42', '2021-05-20 07:45:04'),
(3, 'About Sterling Powder Coatings', '10', 'img/artikel/1593500935Sterling Powder Coatings.png', '<div><div style=\"text-align: justify;\"><span style=\"font-size: 1rem;\">Cat Powder Coatings atau pelapis serbuk/bubuk merupakan salah satu sistem pengecatan yang berkembang pesat saat ini. Sistem pengecatan ini tidak mempergunakan bahan cair ataupun pengencer yang biasa dilakukan pada cat konvensional (sitem pengecatan water base dan solvent base). Metode pengecatan powder coatings adalah menggunakan cat yang berbentuk serbuk/bubuk dan dibantu dengan alat semprot electric spray gun (spraybooth). Ketika spraybooth ini dialiri arus listrik, maka cat serbuk/bubuk akan diberi muatan elektrostatik pada saat disemprotkan kepada objek yang akan dilapisi (misal: logam besi dan allumunium).&nbsp;</span></div><div style=\"text-align: justify;\"><span style=\"font-size: 1rem;\"><br></span></div><div style=\"text-align: justify;\"><span style=\"font-size: 1rem;\"><b>PT. San Central Indah</b> Mulai Memproduksi Powder Coating Di Bandung - Indonesia Pada Tahun 1990 Dengan Menggunakan Brand Sterling Powder Coatings. Pada Awalnya Wilayah Pemasaran Hanya Meliputi Pulau Jawa Saja Dan Pada Tahun 2000, PT. San Central Indah Mulai Memasarkan Sterling Powder Coatings Ke Seluruh Wilayah Indonesia.</span></div><div style=\"text-align: justify;\"><span style=\"font-size: 1rem;\"><br></span></div><div style=\"text-align: justify;\"><span style=\"font-size: 1rem;\">Sterling Powder Coatings Saat Ini Didukung Oleh 4 Lines Produksi Dengan Kapasitas Masing-Masing Produksi 300kg/Jam. Selain Itu Didukung Pula Dengan Fasilitas Laboratorium Seperti: Oven Track Recorder, Oven Check For Hot Air Leak, Ticness Meter, Gloss Meter.</span></div><div style=\"text-align: justify;\"><span style=\"font-size: 1rem;\"><br></span></div><div style=\"text-align: justify;\"><span style=\"font-size: 1rem;\">Sterling Powder Coatings Merupakan Powder Coatings Yang Berkualitas Dan Telah Lulus Pengujian: Weather Resistant Test (Quv A &amp; B), SST (Salt Spray Test), Colour Eye Test, Impact Test, Bending Test, Cross Card, Pencil Hardness.</span></div><div style=\"text-align: justify;\"><span style=\"font-size: 1rem;\"><br></span></div><div style=\"text-align: justify;\"><span style=\"font-size: 1rem;\">Sterling Powder Coatings Terdiri Dari Produk Polyester Dan Epoxy Polyester. <a href=\"https://sci-paint.com/product/view/sterling-polyester\" target=\"_blank\">Sterling Polyester </a>Adalah Powder Coatings Yang Diformulasikan Secara Khusus Untuk Aplikasi Outdoor, Dimana Ketahanan Terhadap Sinar UV Dan Ketahanan Terhadap Perubahan Cuaca Sangat Diperlukan. Polyester Powder Coating Dapat Diaplikasikan Pada Permukaan Metal Dan Allumunium. Kemudian <a href=\"https://sci-paint.com/product/view/sterling-epoxy-polyester\" target=\"_blank\">Sterling Epoxy Polyester</a> Adalah Powder Coatings Yang Diformulasikan Secara Khusus Untuk Aplikasi Indoor, Dimana Kebutuhan Warna Serta Tingkat Gloss Dapat Disesuaikan Dengan Kebutuhan. Epoxy Polyester Powder Coating Ini Sangat Cocok Untuk: Dish Washing, Electrical Panel, Office Furniture, Kompor Gas, Dll. Dimana Kebutuhan \'Mechanical Property Dan Scratch Resistant\' Sangat Diperlukan. Epoxy Polyester Powder Coating Ini Sangat Baik Di \'Flexibility Dan Flow\'. Mohon Diperhatikan Bahwa Epoxy Polyester Powder Coating Ini Tidak Cocok Digunakan Untuk Aplikasi Outdoor!</span></div><div style=\"text-align: justify;\"><span style=\"font-size: 1rem;\"><br></span></div><div style=\"text-align: justify;\"><span style=\"font-size: 1rem;\"><b>Sterling Powder Coatings</b> Merupakan Pelapis Serbuk/Bubuk Dengan Hasil Akhir Yang Berkualitas Tinggi Dan Lebih Tahan Lama Serta Memiliki Ketahanan Terhadap Kelembaban, Bahan Kimia, Sinar Ultraviolet, Kondisi Cuaca Ekstrem. Penggunaan Sterling Powder Coatings Dapat Mengurangi Resiko Goresan, Lecet, Korosi, Fading, Dan Masalah Keausan Lainnya.</span></div><div style=\"text-align: justify;\"><span style=\"font-size: 1rem;\"><br></span></div><div style=\"text-align: justify;\"><span style=\"font-size: 1rem;\">Sterling Powder Coatings Memberikan Solusi Warna, Daya Tahan, Efisiensi Serta Keunggulan Yang Menarik Lainnya Yaitu Lebih Ramah Terhadap Lingkungan Jika Dibandingkan Dengan Cat Pelapis Konvensional Lain Yang Ada Di Pasaran Saat Ini.</span></div></div>\n', 'about-sterling-powder-coatings', '2019-01-17 05:07:55', '2020-12-10 06:59:26'),
(4, 'Cat Tembok, Jenis dan Karakternya', '10', 'img/artikel/1548138731Cat_Tembok.jpg', '<p style=\"text-align: justify;\"><span style=\"font-size: 1rem;\">Sebelum mengaplikasikan cat tembok dengan warna sesuai konsep, ada beberapa jenis cat yang perlu diketahui sebagai bahan pertimbangan dalam mengaplikasikannya, diantaranya:</span><h6 style=\"text-align: justify;\"><span style=\"font-size: 18px;\"><b>A. Jenis cat tembok</b></span></h6><p style=\"text-align: justify;\"><span style=\"font-size: 1rem;\">Cat tembok yang bisa digunakan untuk mengecat dinding rumah ada 2 macam yaitu cat tembok untuk interior dan cat tembok untuk eksterior.</span></p><p style=\"text-align: justify;\"><span style=\"font-size: 1rem;\"><b>1. Cat untuk eksterior</b></span></p><p style=\"text-align: justify;\"><span style=\"font-size: 1rem;\">Cat untuk bagian luar rumah, digunakan sebagai perlindungan terhadap hujan dan sinar matahari, di samping memberi aspek estetika pada tembok dan juga berfungsi melindungi tembok dari cuaca.</span></p><p style=\"text-align: justify;\"><span style=\"font-size: 1rem;\">Terpaan sinar matahari dan hujan serta perubahan suhu akibat perubahan cuaca membuat tembok luar cepat mengalami kerusakan,misalnya retak-retak akibat proses pemuaian dan penyusutan. Dibutuhkan cat tembok yang bersifat fleksibel atau berbahan lateks acrillic.</span></p><p style=\"text-align: justify;\"><span style=\"font-size: 1rem;\">Selain itu, terpaan polusi asap kendaraan sangat mempengaruhi durasi kecemerlangan cat. Untuk itu diperlukan cat eksterior yang tahan terhadap cuaca dan polusi serta memiliki daya tahan yang baik.</span></p><p style=\"text-align: justify;\"><span style=\"font-size: 1rem;\">Referensi cat tembok untuk eksterior: </span><a href=\"https://www.sci-paint.com/brands/kem-tone\" rel=\"noopener noreferrer\" target=\"_blank\" style=\"background-color: rgb(255, 255, 255); font-size: 1rem;\">Kem-Tone</a><span style=\"font-size: 1rem;\"> dan </span><a href=\"https://www.sci-paint.com/product/view/spectrum-ultrashield\" rel=\"noopener noreferrer\" target=\"_blank\" style=\"background-color: rgb(255, 255, 255); font-size: 1rem;\">UltraShield</a><span style=\"font-size: 1rem;\">.</span></p><p style=\"text-align: justify;\"><b>2.&nbsp; Cat untuk interior</b></p><p style=\"text-align: justify;\"><span style=\"font-size: 1rem;\">Cat interior digunakan untuk mengecat bagian dalam rumah. Jenis cat ini dapat dilihat dari kehalusan penampilan lapisan cat dan warnanya.</span></p><p style=\"text-align: justify;\"><span style=\"font-size: 1rem;\">Jenis cat ini juga mudah dibersihkan jika ada noda/kotoran sehingga mudah dalam perawatan dan berbahan dasar air (water based).</span></p><p style=\"text-align: justify;\"><span style=\"font-size: 1rem;\">Dilihat dari tingkat kilapnya, biasanya cat tembok berbahan dasar air dapat dibedakan menjadi 2 yaitu doff dan semi kilap.&nbsp;</span><span style=\"font-size: 1rem;\">Referensi cat tembok untuk interior: Kem-Tone, </span><a href=\"https://www.sci-paint.com/brands/spectrum\" rel=\"noopener noreferrer\" target=\"_blank\" style=\"background-color: rgb(255, 255, 255); font-size: 1rem;\">Spectrum</a><span style=\"font-size: 1rem;\"> dan </span><a href=\"https://www.sci-paint.com/brands/colortone\" rel=\"noopener noreferrer\" target=\"_blank\" style=\"background-color: rgb(255, 255, 255); font-size: 1rem;\">ColorTone</a><span style=\"font-size: 1rem;\">.</span></p><p style=\"text-align: justify;\"><b>Sedangkan menurut bahan utamanya cat tembok terdiri dari:</b></p><ul style=\"list-style-type: circle;\"><li style=\"text-align: justify;\"><span style=\"font-size: 16px;\">Cat tembok berbahan lateks yaitu jenis cat yang pelarutnya berbahan dasar air (water based).</span><br></li><li style=\"text-align: justify;\"><span style=\"font-size: 16px;\">Cat tembok berbahan minyak yaitu jenis cat tembok yang pelarutnya berupa pelarut kimia (solvent based).</span></li></ul><p style=\"text-align: justify;\"><b>B. Karakter Cat Tembok</b><br></p><p style=\"text-align: justify;\"><b>Glossy</b><br></p><p style=\"text-align: justify;\"><span style=\"font-size: 1rem;\">Jenis ini memiliki 2 tipe yakni high gloss dan semi gloss. High gloss cenderung memantulkan cahaya hingga nampak berkilau. Cocok diaplikasikan untuk eksterior yang sering terpapar sinar matahari semisal pilar rumah. Jenis ini sangat mudah dibersihkan sehingga Anda tidak perlu repot. Sedangkan semi gloss memiliki tingkat kilap lebih rendah namun tidak mudah mengelupas. Cat ini pas digunakan untuk ruangan yang mudah terpapar noda semisal dapur dan kamar mandi. Referensi cat tembok: Kem-Tone Exterior.</span></p><p style=\"text-align: justify;\"><b>Doff atau matte&nbsp;</b></p><p style=\"text-align: justify;\"><span style=\"font-size: 1rem;\">Cat ini memberi efek kilap pada permukaan. Meski tak sekilap glossy namun tetap terlihat lembut. Sangat berkarakter sehingga nampak menyatu dengan dinding. Cocok diaplikasikan pada dinding luar rumah karena tahan cuaca ekstrem, atau digunakan untuk kamar tidur karena karakternya yang lembut. Referensi cat tembok: ColorTone dan </span><a href=\"https://www.sci-paint.com/brands/vinotex\" rel=\"noopener noreferrer\" target=\"_blank\" style=\"font-size: 1rem; background-color: rgb(255, 255, 255);\">Vinotex</a><span style=\"font-size: 1rem;\">.</span></p><p style=\"text-align: justify;\"><b>Eggshell&nbsp;</b></p><p style=\"text-align: justify;\"><span style=\"font-size: 1rem;\">Seperti namanya tampilannya mirip kulit telur, sedikit bertekstur namun halus ketimbang matte/doff. Eggshell lebih mudah dibersihkan dan tidak terlalu memantulkan sinar matahari. Cocok diaplikasikan di ruang kerja, ruang keluarga dan atau ruang tamu. Referensi cat tembok: Spectrum.</span></p><p style=\"text-align: justify;\"><span style=\"font-size: 1rem;\"><b>Satin</b></span></p><p style=\"text-align: justify;\"><span style=\"font-size: 1rem;\">Tampilan mewah namun tidak glossy dan juga tidak terlalu menempel seperti matte/doff. Jenis ini terasa lembut di tangan saat disentuh. Efeknya yang teduh dan tidak memantulkan cahaya cocok untuk diaplikasikan di ruang galeri atau resto. Di rumah akan cocok diaplikasikan di kamar tidur atau ruang tamu. Tipe cat ini juga mudah dibersihkan. Referensi cat tembok: Kem-Tone dan UltraShield.</span></p><p style=\"text-align: justify;\"><b>C. Harga Dan Kualitas</b></p><p style=\"text-align: justify;\"><span style=\"font-size: 1rem;\">Selain penjelasan di atas, Anda pun harus melakukan estimasi biaya untuk membeli cat tembok. Cara menghitung berapa banyak biaya yang dibutuhkan, maka Anda harus menghitung dulu berapa banyak kebutuhan cat tembok yang diperlukan (dalam jumlah gallon atau pail). Anda bisa gunakan </span><a href=\"https://www.sci-paint.com/paint-calculator\" rel=\"noopener noreferrer\" target=\"_blank\" style=\"font-size: 1rem; background-color: rgb(255, 255, 255);\">kalkulator cat</a><span style=\"font-size: 1rem;\"> untuk memperkirakan berapa banyak kebutuhan cat tembok yang akan digunakan berdasarkan luas area yang akan di cat. Selain itu kualitas cat tembok yang baik tidak hanya memberi rasa puas namun turut mencipta pemandangan indah hunian Anda. Jadi semacam investasi jangka panjang untuk perlindungan maksimal (baca juga: </span><a href=\"https://sci-paint.com/blog/read/cat-tembok-tinting-berkualitas\" target=\"_blank\" style=\"font-size: 1rem; background-color: rgb(255, 255, 255);\">cat tembok tinting berkualitas</a><span style=\"font-size: 1rem;\">).</span></p><p style=\"text-align: justify;\"><span style=\"font-size: 1rem;\">Setelah membaca semua uraian di atas maka sebaiknya Anda memilih cat tembok yang sesuai, jika Anda akan mengecat bagian eksterior, gunakan cat khusus untuk eksterior dan sebaliknya pilihlah cat tembok interior untuk mengecat bagian interior rumah Anda.</span></p><p></p></p>\n', 'cat-tembok-jenis-dan-karakternya', '2019-01-22 06:22:47', '2021-05-20 07:42:48'),
(5, 'Sci Ellutech Cat Atau Lampu', '10', 'img/artikel/1548814325SCi_ellutech_Logo.jpg', '<p style=\"text-align: justify;\">Cat seperti lampu bercahaya terang? Apakah Anda sudah pernah mendengarnya? Jika memang cat tersebut bisa bercahaya, maka tidak menutup kemungkinan bahwa rumah modern di masa depan semua temboknya bisa bercahaya sepanjang malam dan tidak lagi membutuhkan lampu untuk meneranginya. Menurut Anda, mungkinkah ini terwujud?<p style=\"text-align: justify;\">SCI Paint sudah sejak lama memikirkan semua kemungkinan di atas. Tim RnD SCI Paint saat ini sudah memasuki tahap pengembangan cat revolusioner dalam bentuk cahaya. Cat revolusioner ini adalah sci ellutech dengan teknologi \"electroluminescent paint\" dan cat ini benar-benar yang pertama kali diciptakan di Indonesia.</p><p style=\"text-align: justify;\">Sci ellutech adalah cat yang secara teknis bersifat electroluminescent yang dapat dianggap sebagai cat yang menyala. Sci ellutech mengkombinasikan bahan-bahan cat dengan listrik dan cahaya menjadi satu bagian cat pelapis bercahaya.</p><p style=\"text-align: justify;\"><br></p><p align=\"center\"><img style=\"width: 100%;\" data-filename=\"123.jpg\" src=\"/img/gambar/15882169320.png\"></p><p align=\"center\"><br></p><p align=\"center\" style=\"text-align: left; \">Sci ellutech pada prinsipnya dapat mengubah apapun menjadi lampu tanpa mengubah bentuk atau fungsinya. Apapun yang bisa Anda lakukan dengan lampu juga dapat Anda lakukan pada sci ellutech:<br></p><ul><li style=\"text-align: justify;\"><span style=\"font-size: 16px;\">Menyalakan dan mematikannya sesuai kehendak.</span></li><li style=\"text-align: justify;\"><span style=\"font-size: 16px;\">Mengontrol tingkat kecerahan cahayanya (terang atau redup).</span></li><li style=\"text-align: justify;\"><span style=\"font-size: 16px;\">Dan masih banyak yang lainnya.</span></li></ul><p align=\"center\"><!--[if !vml]--></p><p align=\"center\"><img style=\"width: 50%;\" data-filename=\"321.jpg\" src=\"/img/gambar/15882169321.png\"><strong><br></strong></p><p style=\"text-align: justify;\">Sci ellutech adalah cat yang dapat diaplikasikan dalam jumlah desain yang tak terbatas (berbagai pola, bentuk dan fleksibel). Pada tahap pengembangan awal, sci ellutech baru diaplikasikan pada media konduktor dan kedepannya sci ellutech akan dapat diaplikasikan pada hampir semua media baik konduktor (misal: logam) maupun non konduktor (misal: kaca, plastic, tembok, dll).<br></p><p style=\"text-align: center;\"><span style=\"font-size: 1rem;\"><br></span></p><p style=\"text-align: center;\"><iframe frameborder=\"0\" src=\"//www.youtube.com/embed/VLjIM7lzS2A\" width=\"640\" height=\"360\" class=\"note-video-clip\"></iframe><span style=\"font-size: 1rem;\"><br></span></p><p style=\"text-align: center;\"><span style=\"font-size: 1rem;\"><br></span></p><p style=\"text-align: center;\"><iframe frameborder=\"0\" src=\"//www.youtube.com/embed/ijnBwEKVRxo\" width=\"640\" height=\"360\" class=\"note-video-clip\"></iframe><span style=\"font-size: 1rem;\"><br></span></p><p align=\"center\"><!--[if !vml]--></p><p></p><p></p><p></p><p></p><p></p><p></p></p>\n', 'sci-ellutech-cat-atau-lampu', '2019-01-30 02:12:05', '2021-05-20 07:26:19'),
(6, 'Cat Tembok Tinting Berkualitas', '10', 'img/artikel/1562744600SCIPaint Ads.jpg', '<p style=\"text-align: justify; \"><span style=\"font-size: 1rem;\">Dalam menentukan cat dinding untuk hunian Anda sebaiknya jangan asal pilih. Pemilihan warna cat pada eksterior maupun interior rumah akan menentukan nilai estetika sebuah hunian. Dalam hal ini kualitas cat yang Anda pilih harus diperhatikan karena hunian tersebut akan ditempati dalam jangka panjang. Untuk itu, warnai dinding di rumah Anda dengan cat berkualitas yang tidak akan membuat Anda menyesal ketika mengoleskannya. Dan inilah 7 faktor yang harus Anda perhatikan saat memilih cat dinding terbaik untuk mewarnai seluruh dinding di rumah Anda.</span><br><p style=\"text-align: justify; \"><span style=\"font-size: 1rem;\"><b>1. BERKUALITAS PREMIUM</b></span></p><p style=\"text-align: justify; \"><span style=\"font-size: 1rem;\">Dalam memilih cat dinding carilah yang memiliki kualitas premium. Bukan hanya mampu merekat kuat pada dinding sehingga warna tak akan mudah pudar ataupun terkelupas namun antara cat dengan primer sudah menjadi satu kesatuan. Dengan menggunakan cat berkualitas premium, Anda akan mendapati hasil akhir yang memukau setelah proses mengecat rumah telah selesai. Cat premium juga mampu menciptakan kesan hunian tampak mewah dan berkelas berkat kualitas premium yang diusungnya.</span></p><p style=\"text-align: justify; \"><span style=\"font-size: 1rem;\"><b>2. TERSEDIA BERAGAM PILIHAN WARNA</b></span></p><p style=\"text-align: justify; \"><span style=\"font-size: 1rem;\">Masih bingung mau menentukan warna yang tepat untuk mewarnai hunian Anda? Sebaiknya pilih produk cat yang menyediakan beragam pilihan warna bahkan hingga mencapai ribuan. Mau memilih warna pastel untuk hunian minimalis Anda atau warna natural untuk mewarnai bagian eksterior rumah semua dapat terwujud segera. Dinding yang dihiasi beragam warna membuat hunian Anda lebih cerah, ceria dan sedap dipandang. Anda pun akan betah berlama-lama tinggal di rumah.</span></p><p style=\"text-align: justify; \"><span style=\"font-size: 1rem;\"><b>3. COCOK UNTUK SELURUH BAGIAN RUMAH</b></span></p><p style=\"text-align: justify; \"><span style=\"font-size: 1rem;\">Suka bingung memilih cat untuk interior maupun eksterior rumah? Kini mewarnai dinding interior atau eksterior rumah agar mendapat tampilan hunian yang menawan bukan lagi menjadi masalah. Warna dinding Anda bisa terlihat cerah dan bersih dengan produk cat berkualitas sehingga hunian Anda akan jauh dari kata kusam. Dengan memilih produk cat yang tepat (baca juga: </span><a href=\"https://sci-paint.com/blog/read/cat-tembok-jenis-dan-karakternya\" target=\"_blank\" style=\"background-color: rgb(255, 255, 255); font-size: 1rem;\">cat tembok, jenis dan karakternya</a><span style=\"font-size: 1rem;\">) dengan ribuan koleksi warna maka Anda bebas mewarnai dinding di bagian eksterior dan interior dengan warna-warna favorit.&nbsp; Anda pun tak perlu mengeluarkan anggaran lebih untuk membeli produk cat berbeda saat mewarnai dinding interior dan eksterior rumah. Untuk itu carilah produk cat yang membuat semua dinding di rumah Anda dapat terlapisi sempurna.</span></p><p style=\"text-align: justify; \"><span style=\"font-size: 1rem;\"><b>4. VOLUME CAT LEBIH BANYAK</b></span></p><p style=\"text-align: justify; \"><span style=\"font-size: 1rem;\">Memilih cat sesuai bujet juga selalu menjadi pertimbangan ketika hendak mengecat rumah. Maka itu, carilah produk cat yang bisa menghemat anggaran Anda. Tak perlu mencari produk cat dengan harga murah karena bisa saja kualitasnya juga sebanding dengan harga. Anda bisa membeli produk cat dengan harga mahal namun memiliki volume cat di atas rata-rata produk cat tembok sekelas lainnya yang ada dipasaran.&nbsp; Anda pun tidak akan risau apabila kekurangan stock cat ketika mau mewarnai seluruh dinding rumah.</span></p><p style=\"text-align: justify; \"><span style=\"font-size: 1rem;\"><b>5. DAYA TUTUP CAT LEBIH BAIK</b></span></p><p style=\"text-align: justify; \"><span style=\"font-size: 1rem;\">Tahap pengecatan adalah salah satu faktor penting dalam pekerjaan interior. Pengecatan sangat dipengaruhi oleh warna, jenis dan kualitas dari cat itu sendiri. Jika cat sudah diaplikasikan namun warna masih belang, artinya cat belum menutup sempurna dan akhirnya harus diulang kembali proses pengecatan. Oleh karena itu pilihlah </span><b style=\"font-size: 1rem;\">cat tembok tinting berkualitas</b><span style=\"font-size: 1rem;\"> yang memiliki daya tutup lebih baik dibandingkan dengan produk cat sekelas lainnya dipasaran.</span></p><p style=\"text-align: justify; \"><span style=\"font-size: 1rem;\"><b>6. CAT LEBIH HEMAT</b></span></p><p style=\"text-align: justify; \"><span style=\"font-size: 1rem;\">Pengertian hemat disini adalah bahwa pada saat pengecatan selain cat memiliki daya tutup yang baik juga harus diperhatikan daya sebarnya, apakah cat bisa digunakan untuk area yang lebih luas jika dibandingkan dengan produk cat sekelas lainnya dipasaran.</span></p><p style=\"text-align: justify; \"><span style=\"font-size: 1rem;\"><b>7. KUALITAS WARNA TAHAN LAMA</b></span></p><p style=\"text-align: justify; \"><span style=\"font-size: 1rem;\">Warna dinding kusam, cepat kotor hingga berjamur menjadi segelintir permasalahan penghuni rumah ketika menempati huniannya bertahun-tahun. Nah, agar masalah tersebut tidak terjadi pada Anda maka gunakan cat dinding yang berkualitas sebagai pelapis dinding hunian. Formula yang terkandung di dalam cat harus membuat warna dinding mampu bertahan lama. Dengan demikian Anda akan selalu merasa betah beraktivitas di dalam rumah.</span></p><p style=\"text-align: justify; \"><span style=\"font-size: 1rem;\">Pasti Anda bertanya-tanya, produk cat apakah yang bisa memenuhi 7 faktor tersebut dalam mewarnai dinding rumah? Jawabannya adalah <b>cat tembok tinting</b>: </span><a href=\"https://sci-paint.com/brands/kem-tone\" target=\"_blank\" style=\"background-color: rgb(255, 255, 255); font-size: 1rem;\">Kem-Tone</a><span style=\"font-size: 1rem;\">, UltraShield, Spectrum dan ColorTone. <b>Cat tembok tinting</b>: Kem-Tone, UltraShield, </span><a href=\"https://sci-paint.com/brands/spectrum\" target=\"_blank\" style=\"background-color: rgb(255, 255, 255); font-size: 1rem;\">Spectrum</a><span style=\"font-size: 1rem;\"> dan ColorTone mampu menjawab segala persoalan Anda saat hendak mengecat rumah.</span><br></p><p style=\"text-align: justify; \"><span style=\"font-size: 1rem;\">Dengan segala keunggulan dari</span><span style=\"font-size: 1rem;\"><b> cat tembok tinting: Kem-Tone, <a href=\"https://sci-paint.com/product/view/spectrum-ultrashield\" target=\"_blank\">UltraShield</a>, Spectrum </b>dan<b> </b><a href=\"https://sci-paint.com/brands/colortone\" target=\"_blank\" style=\"\"><b>ColorTone</b></a> tersebut, masih maukah Anda berpaling ke produk cat yang lain?</span><br></p><div style=\"text-align: justify; \"><br></div></p>\n', 'cat-tembok-tinting-berkualitas', '2019-07-10 07:43:20', '2020-12-10 06:58:29'),
(8, 'Pemenang Gebyar Undian Berhadiah SCI Paint', '1', 'img/artikel/1564557323Pengumuman_Gebyar_Undian_SCIPaint.png', '<p style=\"text-align: justify; \"><span style=\"font-size: 1rem;\"><b>Gebyar Undian Berhadiah SCI Paint</b></span><span style=\"font-size: 1rem;\"> untuk periode Januari s/d Mei 2019 yang diadakan oleh pihak PT. Nusa Sarana Indonesia (NSI) selaku distributor tunggal PT. San Central Indah (SCI Paint) telah selesai dilaksanakan dan ditutup secara resmi pada tanggal 31 Mei 2019. Semua kupon yang dikumpulkan ini berasal dari toko-toko bangunan yang tersebar di berbagai wilayah Indonesia, jumlah kupon yang terkumpul sangat banyak sekali dan ini menunjukkan bahwa loyalitas konsumen terhadap produk-produk SCI Paint (cat tembok tinting Kem-Tone, cat tembok tinting UltraShield, cat tembok tinting Spectrum, cat tembok tinting ColorTone, cat tembok Tamitex, cat tembok Vinotex, cat tembok Panatex, cat tembok Apollo, cat genteng Tamitex, cat genteng Panatex, cat pelapis anti bocor Tamitex Pro, cat kayu/besi ABC) masih tetap tinggi.</span><p style=\"text-align: justify;\"><span style=\"font-size: 1rem;\">Penarikan undian diadakan di <b>The Trans Luxury Hotel</b> Bandung pada tanggal 20 Juli 2019. Proses pengundian untuk hadiah utama dan hadiah hiburan, dilaksanakan secara terbuka di hadapan para tamu undangan dan beberapa perwakilan toko bangunan dari seluruh Indonesia. Notaris, perwakilan dinas sosial, dan pihak kepolisian selaku saksi pengundian pun, turut memastikan transparansi serta kelancaran jalannya penarikan undian.&nbsp;</span><br></p><p style=\"text-align: justify;\"><img data-filename=\"Pengundian_Grand_Prize_SCI_Paint.jpg\" style=\"width: 719.172px; height: 403.948px;\" src=\"/img/gambar/15882170220.png\"><br></p><p style=\"text-align: justify;\"><span style=\"font-size: 1rem;\">Adapun nilai hadiah yang dibagikan terdiri dari hadiah grand prize: 1 unit mobil Mitsubishi Xpander dan 1 unit mobil Honda Brio, kemudian ada juga hadiah hiburan: 15 unit sepeda motor Yamaha Lexi, 15 unit Samsung Smart TV LED 32\", 30 unit HP Samsung Galaxy A6, serta 75 unit sepeda Polygon Monarch 4.&nbsp;</span></p><p style=\"text-align: justify;\"><span style=\"font-size: 1rem;\">Berikut ini adalah para pemenang <b>Gebyar Undian Berhadiah SCI Paint</b> untuk periode bulan Januari s/d Mei 2019 yang terpilih dari hasil penarikan undian pada tanggal 20 Juli 2019 di <b>The Trans Luxury Hotel</b><span style=\"font-weight: bold;\"> </span>Bandung:</span><br></p><p style=\"text-align: justify;\"><span style=\"font-size: 1rem;\">Konsumen SCI Paint yang beruntung mendapatkan hadiah grand prize pertama, yaitu 1 unit mobil <b>Mitsubishi Xpander</b>&nbsp;adalah konsumen dari cabang Bandung - Bapak <b>Adi Nugroho (3318012705950002).</b> Kemudian konsumen SCI Paint yang beruntung mendapatkan hadiah grand prize kedua, yaitu 1 unit mobil <b>Honda Brio</b>&nbsp;adalah konsumen dari cabang Jambi - <b>Ibu Susanti (1571084608630001).</b></span><br></p><p style=\"text-align: justify;\"><span style=\"font-size: 1rem;\">Para pemenang hadiah hiburan dapat dilihat pada daftar di bawah ini:</span><br></p><p style=\"text-align: justify;\"><img data-filename=\"Pemenang_Hadiah_Hiburan_1.png\" style=\"width: 723.172px; height: 850.975px;\" src=\"/img/gambar/15882170221.png\"></p><p style=\"text-align: justify;\"><br></p><p style=\"text-align: justify;\"><img data-filename=\"Pemenang_Hadiah_Hiburan_2.png\" style=\"width: 723.172px; height: 939.407px;\" src=\"/img/gambar/15882170222.png\"><br></p><p style=\"text-align: justify;\"><span style=\"font-size: 1rem; font-weight: bold;\"><br></span></p><p style=\"text-align: justify;\"><span style=\"font-size: 1rem;\"><b>Syarat dan ketentuan</b></span><span style=\"font-size: 1rem;\"> untuk pengambilan hadiah:</span><br></p><ul><li style=\"text-align: justify;\"><span style=\"font-size: 1rem;\">Pemenang akan dihubungi via telepon sesuai nomor yang tertera di kupon undian.</span></li><li style=\"text-align: justify;\"><span style=\"font-size: 16px;\">Hadiah dapat diambil di toko tempat pemenang membeli produk SCI Paint dengan menunjukkan kartu identitas pribadi dan potongan kupon undian.</span></li><li style=\"text-align: justify;\"><span style=\"font-size: 16px;\">Pajak hadiah sebesar 25% ditanggung oleh pemenang.</span></li><li style=\"text-align: justify;\"><span style=\"font-size: 16px;\">Hadiah tidak dapat diuangkan.</span></li><li style=\"text-align: justify;\"><span style=\"font-size: 16px;\">Hadiah Mobil &amp; Motor dalam kondisi On The Road (OTR).</span></li><li style=\"text-align: justify;\"><span style=\"font-size: 16px;\">Warna hadiah sesuai persediaan.</span></li></ul><p style=\"text-align: justify;\"><span style=\"font-size: 1rem;\"><b>PERINGATAN:</b></span><span style=\"font-size: 1rem;\"> Waspada terhadap penipuan yang mengatasnamakan PT. NUSA SARANA INDONESIA dengan meminta transfer ke rekening tertentu.</span></p><p style=\"text-align: justify;\"><span style=\"font-size: 1rem;\">Daftar nama pemenang <b>Gebyar Undian Berhadiah SCI Paint</b><span style=\"font-weight: bold;\">&nbsp;</span>diumumkan di koran <b>KOMPAS</b> hari Rabu, 31 Juli 2019 dan di www.nusasarana.id atau bisa menghubungi langsung via nomor telepon distributor kami di: Bandung (022) 6037701, Jakarta (021) 29047288, Bekasi (021) 89521039, Purwokerto (0281) 6440906, Semarang (024) 3544811, Yogyakarta (0274) 4986837, Surabaya (031) 99001467, Denpasar (0361) 417129, Lampung (0721) 771908, Palembang (0711) 415086, Jambi (0741) 572560, Medan (061) 6642168, Batam (0778) 8073030, Makassar (0411) 4730338.</span><br></p><p style=\"text-align: justify;\"><span style=\"font-size: 1rem;\"><b>Selamat kepada para pemenang,</b>&nbsp;Dan kami dari PT. San Central Indah (SCI Paint) dan PT. Nusa Sarana Indonesia (NSI) mengucapkan terima kasih atas partisipasinya dalam <b>Gebyar Undian Berhadiah SCI Paint </b>ini.</span><br></p><p></p><p></p></p>\n', 'pemenang-gebyar-undian-berhadiah-sci-paint', '2019-07-31 07:15:23', '2020-09-04 07:22:54'),
(9, 'Tips dan trik cat tembok vinotex', '10', 'img/artikel/1574994597New Vinotex.jpg', '<p style=\"text-align: justify; \"><span style=\"font-size: 1rem;\">Ingin memiliki suasana rumah yang lebih segar dan ceria? Gak usah bingung, Anda tinggal mengganti&nbsp;</span><span style=\'font-size: 1rem; font-family: \"Axiata Book Bold\";\'><span style=\"font-family: SamsungOne-400;\"><b>cat tembok</b></span></span><span style=\"font-size: 1rem;\">&nbsp;di rumah Anda dengan warna yang baru. Selain itu Anda tidak perlu keluar biaya untuk menyewa tukang, cukup dikerjakan sendiri.&nbsp;</span><p style=\"text-align: justify; \"><span style=\"font-size: 1rem;\">Mengecat tembok tidaklah sulit walaupun memerlukan sedikit perencanaan, namun saat dilakukan dengan benar, dapat memberikan suasana yang berbeda dalam ruangan. Jika Anda ingin mengecat tembok dengan cara yang benar, Anda tidak akan melewatkan perencanaan dan terjun langsung. Namun, dengan sedikit pemikiran dan pelaksanaan, mengecat tembok Anda sendiri dapat memberi kepuasan dan semangat. Mulailah dengan menyiapkan peralatan dan memilih cat serta tembok yang berkualitas.</span><br></p><p style=\"text-align: justify; \"><span style=\"font-size: 1rem;\">Setelah segala kebutuhan sudah dipersiapkan, selanjutnya perhatikan cara mengecat tembok rumah yang tepat dan benar dari <a href=\"https://www.sci-paint.com/product/view/vinotex-cat-tembok\" target=\"_blank\"><b>cat tembok Vinotex</b></a>. Hal ini penting sekali agar bisa mendapatkan hasil yang memuaskan dan agar cat tembok lebih awet, tidak mudah terkelupas.</span><br></p><p style=\"text-align: justify; \"><span style=\"font-size: 1rem;\"><b>1. Persiapkan Permukaan</b></span><br></p><p style=\"text-align: justify; \"><span style=\"font-size: 1rem;\">Permukaan yang akan dicat harus kering dan bersih, bebas dari debu, kotoran dan minyak. Lubang kecil atau retakan halus sebaiknya diperbaiki dahulu sebelum dicat dengan menggunakan <b>dempul/plamir/plamur Vinotex</b>.</span><br></p><p style=\"text-align: justify; \"><span style=\"font-size: 1rem;\">Lindungi bagian yang tak ingin dicat dengan lakban, kertas atau pita perekat. Pembatas antara dinding dan lantai, jendela dan bingkai, jendela biasanya harus ditutupi agar tidak terkena noda cat. Setelah selesai, segera cabut pita perekat sebelum cat dinding mengering agar cat tidak ikut tercabut.&nbsp;</span><span style=\"font-size: 1rem;\">Untuk persiapan permukaan ada dua hal yang perlu diperhatikan dari langkah pertama ini.</span></p><p style=\"text-align: justify; \"><span style=\"font-size: 1rem;\">a. Permukaan baru:</span></p><p style=\"text-align: justify;\"><span style=\"font-size: 1rem;\">Untuk hasil sempurna, biarkan tembok baru benar-benar kering.</span></p><p style=\"text-align: justify;\"><span style=\"font-size: 1rem;\">b. Permukaan lama:</span></p><p style=\"text-align: justify;\"><span style=\"font-size: 1rem;\">Apabila daya lekat dan kondisi cat lama masih baik, permukaan dinding bisa langsung dicat. Untuk hasil yang terbaik, kerok cat yang terkelupas sampai bersih dan amplas permukaan hingga rata.</span></p><p style=\"text-align: justify;\"><b style=\"font-size: 1rem;\">2. Cara Penggunaan</b><br></p><p style=\"text-align: justify;\"><span style=\"font-size: 1rem;\">Aduk terlebih dahulu sebelum digunakan. Pada bagian pengenceran gunakan tambahan air 10% untuk lapisan pertama dan 15% untuk lapisan berikutnya. Gunakan air bersih untuk pengenceran.</span><br></p><p style=\"text-align: justify;\"><span style=\"font-size: 1rem;\">Pakailah alat pelindung mata pada saat pengamplasan dan pengecatan. Pastikan ada ventilasi yang cukup selama pengecatan dan pengeringan. Apabila tidak cukup ventilasi, pakailah alat pelindung respirator yang sesuai. Bila terkena kulit, bersihkan segera dengan air dan sabun.</span><br></p><p style=\"text-align: justify;\"><span style=\"font-size: 1rem;\"><b>3. Gunakan Kuas Kecil Pada Bagian yang Sempit</b></span><br></p><p style=\"text-align: justify;\"><span style=\"font-size: 1rem;\">Alat pengecat berupa roller tidak bisa diaplikasikan di semua bagian dinding, hanya pada area yang luas saja. Sementara untuk area yang sulit seperti sudut ruangan, gunakan kuas kecil selebar dua inci.</span><br></p><p style=\"text-align: justify;\"><span style=\"font-size: 1rem;\">Selanjutnya untuk trik mengecat dengan rata adalah dengan membuat gerakan zig-zag dari atas ke bawah berulang kali sampai dinding tertutup rata.&nbsp;</span><br></p><p style=\"text-align: justify;\"><span style=\"font-size: 1rem;\">Jika Anda menggunakan <b>cat tembok Vinotex</b>, lakukan pengaplikasiannya 3-4 lapis. Mengapa harus <b>cat tembok Vinotex</b>? Karena <b>cat tembok Vinotex</b>&nbsp;adalah cat interior-eksterior dengan kualitas mutu terjamin. <b>Cat tembok Vinotex</b> adalah cat tembok yang bebas merkuri dan timbal, sehingga aman untuk anggota keluarga yang beraktivitas di dalam rumah.</span><br></p><p style=\"text-align: justify;\"><span style=\"font-size: 1rem;\"><b>Cat tembok Vinotex</b> memiliki resin terbaik sehingga tidak mudah mengelupas. Menggunakan pigmen warna pilihan sehingga menghasilkan warna cerah dan tidak mudah pudar.</span><br></p><p style=\"text-align: justify;\"><span style=\"font-size: 1rem;\">Hasil <b>cat tembok Vinotex</b> untuk waktu kering bisa disentuh adalah 30 menit, ini tergantung pada sirkulasi, suhu dan kelembapan udara. Untuk kering sempurna membutuhkan waktu 4-10 jam.</span><br></p><p style=\"text-align: justify;\"><span style=\"font-size: 1rem;\"><b>4. Pembersihan Peralatan</b></span><br></p><p style=\"text-align: justify;\"><span style=\"font-size: 1rem;\">Segera cuci peralatan dengan air bersih, supaya lebih awet dan bisa digunakan untuk kesempatan berikutnya.</span><br></p><p style=\"text-align: justify;\"><span style=\"font-size: 1rem;\"><b>5. Cara Simpan dan Penanganannya</b></span><br></p><p style=\"text-align: justify;\"><span style=\"font-size: 1rem;\">Kemasan cat harus selalu tertutup rapat dan jauhkan dari jangkauan anak-anak. Bila cat tumpah, taburkan pasir atau tanah pada daerah yang tertumpah. Jangan membuang sisa cat ke dalam selokan atau anak sungai. Buanglah ke tempat-tempat yang diijinkan menurut peraturan yang ada. Kemasan hanya dipergunakan untuk menyimpan cat.</span><br></p><p style=\"text-align: justify;\"><span style=\"font-size: 1rem;\"><b>Selamat mencoba!</b></span><br></p><div style=\"text-align: justify;\"><br></div><p></p></p>\n', 'tips-dan-trik-cat-tembok-vinotex', '2019-11-29 02:29:57', '2020-12-10 06:58:00'),
(10, 'Spectrum Go Mural at Skywalk Pangandaran', '9', 'img/artikel/1598849588Mural Skywalk Pangandaran 1.jpg', '<p style=\"text-align: justify; \">Program penataan pantai Pangandaran dimulai sejak bulan September 2020 yang ditujukan untuk pembangunan sejumlah fasilitas publik di pantai Pangandaran. Diantaranya sarana pedestrian atau area pejalan kaki di kawasan taman pantai, menara life guard, tempat duduk, gajebo, shower, toilet, <b>skywalk</b>, adventure plyground, panggung pertunjukan dan gerbang. Dan semuanya telah berhasil diselesaikan pembangunannya pada bulan Desember 2019 lalu.&nbsp;<p style=\"text-align: center;\"><img data-filename=\"Pantai Pangandaran.jpg\" style=\"width: 587.609px; height: 330.188px;\" src=\"/img/gambar/15988556240.png\"><br></p><p style=\"text-align: justify; \">Hal itu agar tujuan mempercantik kawasan pantai Pangandaran yang ditargetkan guna menyedot lebih banyak kunjungan wisatawan di tahun 2020, nantinya bisa terwujud. Maka dari itu, sesuai arahan dari <b>Bupati Pangandaran H. Jeje Wiradinata </b>mengatakan bahwa proyek penataan Pantai Pangandaran akan dilanjutkan pada tahap 2 di tahun 2020 ini.&nbsp;</p><p style=\"text-align: justify; \"><span style=\"font-size: 1rem;\">Pangandaran tahun ini akan mulai menyambungkan Pantai Barat dan Pantai Batu Hiu melalui jalur pantai dengan waktu tempuh diperkirakan hanya 10 hingga 15 menit. </span><b style=\"font-size: 1rem;\">Skywalk</b><span style=\"font-size: 1rem;\"> di Pantai Barat Pangandaran juga akan segera ditata dengan baik, karena di situ pusat keramaian, tahun ini akan mulai di mural.</span></p><p style=\"text-align: center;\"><img data-filename=\"Mural Skywalk Pangandaran 2.jpg\" style=\"width: 489.827px; height: 340.812px;\" src=\"/img/gambar/15988623821.png\"><span style=\"font-size: 1rem;\"><br></span></p><p style=\"text-align: justify; \">Demi mewujudkan arahan <b>Bupati Pangandaran H. Jeje Wiradinata</b> tersebut, maka kami dari pihak PT. San Central Indah (SCI Paint) dan PT. Nusa Sarana Indonesia (NSI) memberikan bantuan pengadaan produk <b>\'cat tembok tinting Spectrum\'</b> untuk mendukung program mural di pantai Pangandaran. Kami telah bekerjasama dengan para seniman dari komunitas seni lukis mural yang ada di Kabupaten Pangandaran untuk mempercantik Kawasan wisata pantai Pangandaran.</p><p style=\"text-align: center;\"><img data-filename=\"Serah Terima Spectrum di Pangandaran.jpg\" style=\"width: 480.301px; height: 370.094px;\" src=\"/img/gambar/15988556242.png\"><br></p><p style=\"text-align: justify; \">Beberapa bangunan pemerintahan serta fasilitas publik di kawasan wisata pantai Pangandaran akan dipercantik dengan menggunakan <b>\'cat tembok tinting Spectrum\'</b>. Fokus utama adalah mempercantik <b>Skywalk</b> dengan lukisan mural, karena diyakini akan menjadi pusat berkumpulnya pengunjung; Warga yang hobi swafoto akan terpuaskan dengan lukisan mural yang luar biasa. Selain <b>Skywalk</b>, pos pengamat pantai, poot taman bunga, bogie banker juga akan dipercantik dengan pengecatan lukis mural.</p><p style=\"text-align: center;\"><img data-filename=\"Mural Pangandaran.jpg\" style=\"width: 422.428px; height: 593.094px;\" src=\"/img/gambar/15988556243.png\"><br></p><p style=\"text-align: justify; \">Pengerjaan lukisan mural di <b>sky walk Pangandaran</b> dan sekitarnya sudah mulai dikerjakan pada tanggal 18 Agustus 2020 lalu, tepat sehari sesudah perayaan hari kemerdekaan RI ke-75. Dan saat artikel ini dibuat Pengerjaan lukisan mural di sky walk Pangandaran dan sekitarnya masih tetap berlangsung.</p><p style=\"text-align: center;\"><img data-filename=\"Mural Skywalk Pangandaran.jpg\" style=\"width: 506.797px; height: 381.06px;\" src=\"/img/gambar/15988623824.png\"><br></p><p style=\"text-align: justify; \">Apakah Anda penasaran bagaimana hasil akhir dari pengerjaan <b>lukisan</b> <b>mural di sky walk Pangandaran</b> dan sekitarnya tersebut?... Ayo segera datang dan saksikan langsung bagaimana proses pengerjaannya dan mari kita dukung para seniman mural Pangandaran agar terus semangat untuk menghasilkan banyak karya seni yang lebih indah.</p><p style=\"text-align: justify; \"><br></p><p style=\"text-align: center;\"><iframe frameborder=\"0\" src=\"//www.youtube.com/embed/XsMVFalxGQA\" width=\"640\" height=\"360\" class=\"note-video-clip\"></iframe><br></p><p style=\"text-align: justify;\"><span style=\"font-family: SamsungOne-400; color: rgb(255, 255, 255);\">#Skywalk Pangandaran #Mural Skywalk Pangandaran #Cat Tembok Tinting #Spectrum #Pantai Pangandaran #Cat Tembok #Mural #Pangandaran #Cat Tembok Spectrum #Cat Tinting</span></p><p></p><p></p><p></p><p></p></p>\n', 'spectrum-go-mural-at-skywalk-pangandaran', '2020-08-31 04:53:08', '2020-12-10 06:57:19'),
(11, 'Mewarnai stasiun Kereta Api Indonesia', '9', 'img/artikel/1607932557PT.San-Central-Indah_CSR_Kerteta-Api-Indonesia.jpg', '<p style=\"text-align: justify; \">SCI Paint berbagi warna bersama PT. Kereta Api Indonesia pada bulan Juli 2020; Program ini diselenggarakan oleh&nbsp; pihak PT. San Central Indah melalui program CSR 2020. <p style=\"text-align: justify; \">Kami dari pihak PT. San Central Indah mengucapkan terima kasih kepada semua pihak yang telah turut mendukung dan mensukseskan program CSR 2020 ini.</p><p style=\"text-align: justify; \">Tak lupa kami ucapkan terima kasih kepada Direksi dan karyawan di PT. Kereta Api Indonesia atas perhatian dan kerjasamanya dalam kegiatan ini.</p><p style=\"text-align: justify; \">Berikut video dkumentasinya:</p><p style=\"text-align: justify; \"><iframe frameborder=\"0\" src=\"//www.youtube.com/embed/lHnDvIkPDvM\" width=\"640\" height=\"360\" class=\"note-video-clip\"></iframe><br></p></p>\n', 'mewarnai-stasiun-kereta-api-indonesia', '2020-12-14 07:55:57', '2021-05-05 13:59:03'),
(12, 'San Central Indah Peduli Rumah Ibadah', '9', 'img/artikel/1607934525PT.San-Central-Indah_CSR_Peduli_Rumah_Ibadah.jpg', '<p style=\"text-align: justify; \"><span style=\"font-size: 1rem;\">Baru-baru ini PT. San Central Indah aktif dalam kegiatan CSR dalam bentuk program pemberian cat gratis, termasuk kegiatan \"Peduli Rumah Ibadah\". Pembagian cat gratis ini pada awalnya hanya khusus ditujukan untuk rumah-rumah ibadah yang berada di sekitaran pabrik PT. San Central Indah dan kawasan Bandung Barat. Namun dikarenakan banyaknya permohonan (dalam bentuk proposal) dari wilayah di luar Bandung Barat, maka program&nbsp;</span><span style=\"font-size: 1rem;\">\"Peduli Rumah Ibadah\" pun mulai berjalan dibeberapa wilayah di luar Bandung Barat.</span><p style=\"text-align: justify; \"><span style=\"font-size: 1rem;\">Selain pembagian cat untuk rumah-rumah ibadah PT. San Central Indah juga</span><span style=\"font-size: 1rem;\">&nbsp;turut berpartisipasi dalam pemberian cat gratis untuk memperindah/mempercantik kawasan kampung di sekitaran wilayah Bandung Barat, diantaranya seperti&nbsp;</span><span style=\"font-size: 1rem;\">program Spectrum mewarnai Lembur Tohaga Lodaya.&nbsp;&nbsp;</span></p><p style=\"text-align: justify; \"><span style=\"font-size: 1rem;\">Kegiatan ini merupakan hasil kerjasama program CSR PT. San Central Indah dengan pihak panitia \"Lembur Tohaga Lodaya\" RW 08 Desa Cihanjuang Kecamatan Parongpong Kabupaten Bandung Barat yang diadakan pada bulan September 2020.&nbsp;</span></p><p style=\"text-align: justify; \"><span style=\"font-size: 1rem;\">Berikut video dokumentasinya:</span></p><p style=\"text-align: justify; \"><iframe frameborder=\"0\" src=\"//www.youtube.com/embed/tAxsSoIAcTs\" width=\"640\" height=\"360\" class=\"note-video-clip\"></iframe><span style=\"font-size: 1rem;\"><br></span></p><p></p></p>\n', 'san-central-indah-peduli-rumah-ibadah', '2020-12-14 08:28:45', '2021-05-05 14:09:27'),
(13, 'Kampung Warna Warni Babakan Sari', '9', 'img/artikel/1607935064PT.San-Central-Indah_CSR_Kampung-Warna-Warni-Babakan-Sari.jpg', '<p style=\"text-align: justify; \">Sebagai bentuk kepedulian dan tanggung jawab sosial PT. San Central Indah (SCI Paint) terhadap masyarakat, maka pihak perusahaan memberikan bantuan pengadaan cat tembok Vinotex untuk pengecatan di beberapa lokasi seperti: rumah ibadah (mesjid), rumah-rumah warga (kampung warna-warni).&nbsp;<p style=\"text-align: justify;\"><span style=\"font-size: 1rem;\">Pada video ini PT. San Central Indah (SCI Paint) memberikan bantuan cat tembok Vinotex untuk pengecatan kampung warna-warni di Babakan Sari - RW 06 Desa Batujajar Barat - Kabupaten Bandung Barat.</span><br></p><p style=\"text-align: justify; \"><span style=\"font-size: 1rem;\">Kami segenap pimpinan dan karyawan PT. San Central Indah (SCI Paint) mengucapkan terima kasih yang sebesar-besarnya kepada Kepala Desa serta perangkat Desa Batujajar Barat dan juga Ketua RW serta warga RW 06 atas sambutannya dan kerjasamanya yang luar biasa, sehingga program CSR ini berjalan dengan baik dan sukses.</span></p><p><span style=\"font-size: 1rem;\"><br></span></p><p></p><div style=\"text-align: center;\"><iframe frameborder=\"0\" src=\"//www.youtube.com/embed/3p28f0H_hEU\" width=\"640\" height=\"360\" class=\"note-video-clip\" style=\"font-size: 1rem;\"></iframe></div><br><p></p></p>\n', 'kampung-warna-warni-babakan-sari', '2020-12-14 08:37:44', '2021-05-05 13:42:14');
INSERT INTO `artikels` (`id`, `judul`, `akategori_id`, `img`, `content`, `slug`, `created_at`, `updated_at`) VALUES
(14, 'Spectrum Cat Tembok Keluarga Indonesia', '10', 'img/artikel/1607935251Cat-Spectrum-Indonesia.jpg', '<p style=\"text-align: justify; \"><span style=\"font-family: interstate-light;\">Akhir-akhir ini keluarga Indonesia mulai ramai membicarakan bahwa cat tembok yang menggunakan teknologi mesin tinting adalah cat tembok berkualitas tinggi. Dan orang pun mulai banyak yang mencari dan menggunakan cat tembok tinting untuk mengecat rumahnya.</span><p style=\"text-align: justify; \"><span style=\"color: rgb(33, 37, 41); font-size: 1rem; font-family: interstate-bold;\"><span style=\"font-family: interstate-light;\"><b>Apakah tinting itu?...</b></span></span><br></p><p style=\"text-align: justify; \"><span style=\"font-size: 1rem;\">Tinting adalah istilah sederhana dari proses pencampuran berbagai warna untuk menghasilkan warna tertentu yang diinginkan. Tinting itu ibarat memasak masakan, dimana semua bumbu dimasukkan lalu diaduk hingga matang dan akhirnya siap dihidangkan. Proses tinting/pewarnaan tersebut dibuat pada sebuah mesin tinting yang berteknologi canggih dengan tingkat akurasi warna yang sangat baik.</span></p><p style=\"text-align: justify; \"><b>Apakah benar cat tembok tinting itu berkualitas tinggi?...&nbsp;</b><br></p><p style=\"text-align: justify; \"><span style=\"font-size: 1rem;\">Ya!.. Makanya level cat tembok tinting ini berada di posisi kelas menengah ke atas jika dilihat dari kisaran harganya.</span></p><p style=\"text-align: justify; \"><b>Apa keunggulan cat tembok tinting dibanding cat tembok biasa yang ready mix (non-tinting)?...</b><br></p><ul><li style=\"text-align: justify;\"><span style=\"font-size: 1rem;\">Pilihan warna tersedia lebih banyak, sehingga memudahkan konsumen untuk mengkombinasikan warna-warna yang harmonis untuk rumahnya.&nbsp;</span></li><li style=\"text-align: justify;\"><span style=\"font-family: interstate-light;\">Warna-warna khusus/custom pun dapat dibuat selama masih dalam batas kemampuan mesin. </span></li><li style=\"text-align: justify;\"><span style=\"font-family: interstate-light;\">Tidak takut stock warna kosong/langka. </span></li><li style=\"text-align: justify;\"><span style=\"font-family: interstate-light;\">Proses pembuatan sangat cepat dan dikerjakan langsung ditempat, bukan di pabrik.</span></li></ul><p style=\"text-align: justify; \"><span style=\"font-family: interstate-light; font-size: 1rem;\">Selain hal-hal di atas, dari sisi penjual, cat tembok tinting memberikan benefit dan kontribusi yang sangat besar dalam hal pengaturan stock barang. Kenapa?... Karena tidak perlu menyimpan banyak warna di gudang, tetapi cukup beberapa jenis base saja, alias tidak seribet cat tembok biasa (ready mix).&nbsp;</span><br></p><p style=\"text-align: justify; \"><span style=\"font-family: interstate-light; font-size: 1rem;\">Nah mulai sekarang mari kita beralih ke cat tembok tinting yang benar-benar berkualitas seperti cat tembok tinting </span><b style=\"font-family: Arial; font-size: 1rem;\"><a href=\"https://sci-paint.com/brands/spectrum\" target=\"_blank\"><span style=\"font-family: interstate-light;\">Spectrum</span></a></b><span style=\"font-family: interstate-light; font-size: 1rem;\"> catnya keluarga Indonesia..!</span></p><p></p><p></p><p></p><p></p></p>\n', 'spectrum-cat-tembok-keluarga-indonesia', '2020-12-14 08:40:51', '2021-05-20 07:15:16'),
(15, 'Tips Pengecatan Cat Tembok Kem-Tone', '10', 'img/artikel/1620193279Tips Pengecatan Kem-Tone.jpg', '<p style=\"text-align: justify; margin-left: 25px;\"><span style=\"font-family: interstate-light; font-size: 1rem;\">Dalam semua kasus pengecatan, disamping kualitas cat temboknya sendiri, faktor lain yang sama pentingnya adalah keadaan permukaan yang akan dicat. Banyak sekali kasus kegagalan dalam pengecatan disebabkan karena kurang dipersiapkannya permukaan yang akan dicat. Berikut ini, kami mencoba untuk menjelaskan cara-cara pengecatan yang menurut pengalaman kami selama ini akan mengurangi kegagalan.</span><br><p style=\"text-align: justify; margin-left: 25px;\"><span style=\"font-weight: bolder; font-family: interstate-light; font-size: 1rem;\">Permukaan Tembok Semen Baru</span><br></p><p style=\"text-align: justify; margin-left: 25px;\"><span style=\"font-family: interstate-light;\">Khusus untuk permukaan tembok semen yang baru, harus dipastikan bahwa permukaan tembok tersebut benar-benar kering (minimal 30 hari). Kadar kelembaban permukaan tembok dapat diukur dengan sebuah alat moisture meter (khusus untuk tembok semen). Kelembaban yang tinggi menunjukkan belum keringnya permukaan tembok tersebut. Kadar basa (alkali) permukaan tembok juga sebaiknya diukur dengan pensil pH. Idealnya, pH permukaan tembok harus dibawah 12. Untuk pH diatas 12, harus dinetralkan dahulu dengan larutan 3% phosphoric acid dan 2% zink chloride lalu dibilas dengan air bersih. Apabila tembok telah benar-benar kering, pastikan bahwa kotoran-kotoran dan debu yang mungkin melekat pada permukaan tembok harus dibersihkan dahulu.</span></p><p style=\"text-align: justify; margin-left: 25px;\"><span style=\"font-family: interstate-light;\">Setelah dipersiapkan, permukaan tembok baru bagian interior yang telah kering dapat langsung dicat dengan satu lapis&nbsp;</span><span style=\"font-family: Arial;\"><a href=\"https://sci-paint.com/product/view/kem-tone-alkali-resisting-primer\" target=\"_blank\"><span style=\"font-family: interstate-light;\">Kem-Tone Alkali Resisting Primer</span></a><span style=\"font-family: interstate-light;\">&nbsp;atau&nbsp;</span><a href=\"https://sci-paint.com/product/view/kem-tone-3-in-1-alkali-resisting-primer-solvent-base\" target=\"_blank\"><span style=\"font-family: interstate-light;\">Kem-Tone 3 in 1 Primer</span></a><span style=\"font-family: interstate-light;\">&nbsp;tanpa diencerkan</span><span style=\"font-weight: bolder; font-family: interstate-light;\">.&nbsp;</span><span style=\"font-family: interstate-light;\">Setelah kering, aplikasikan dua lapis&nbsp;</span><a href=\"https://sci-paint.com/product/view/kem-tone-satin-finish-paint\" target=\"_blank\"><span style=\"font-family: interstate-light;\">Kem-Tone Satin Finish Paint</span></a><span style=\"font-family: interstate-light;\">&nbsp;atau&nbsp;</span><a href=\"https://sci-paint.com/product/view/kem-tone-flat-finish-paint\" target=\"_blank\"><span style=\"font-family: interstate-light;\">Kem-Tone Flat Finish Paint</span></a><span style=\"font-family: interstate-light;\">&nbsp;tanp</span></span><span style=\"font-family: interstate-light;\">a diencerkan.</span></p><p style=\"text-align: justify; margin-left: 25px;\"><span style=\"font-size: 1rem;\"><span style=\"font-family: interstate-light;\">Penggunaan plamuur atau dempul tembok sangat tidak dianjurkan, terutama untuk tembok eksterior. Untuk permukaan tembok semen interior, jika penggunaan dempul tidak bisa dihindari, gunakan hanya&nbsp;</span><span style=\"font-weight: bolder;\"><span style=\"font-family: interstate-light;\"><a href=\"https://sci-paint.com/product/view/kem-tone-wall-filler\" target=\"_blank\">Kem-Tone Wall Filler</a></span></span><span style=\"font-family: interstate-light;\">. Penggunaan dempul merk lain bisa menimbulkan ketidakcocokan system (incompatibility), dan hasilnya tidak bisa dijamin. Bersihkan permukaan tembok dari debu bekas amplas dengan lap basah sebelum dicat.</span></span><br></p><p style=\"text-align: justify; margin-left: 25px;\"><span style=\"font-family: interstate-light;\">Untuk permukaan tembok eksterior, aplikasikan satu lapis&nbsp;</span><span style=\"font-weight: bolder;\"><span style=\"font-family: interstate-light;\"><a href=\"https://sci-paint.com/product/view/kem-tone-3-in-1-alkali-resisting-primer-solvent-base\" target=\"_blank\">Kem-Tone 3 in 1 Primer</a></span></span><span style=\"font-family: interstate-light;\">&nbsp;atau&nbsp;&nbsp;</span><span style=\"font-weight: bolder;\"><span style=\"font-family: interstate-light;\"><a href=\"https://sci-paint.com/product/view/kem-tone-exterior-alkali-resisting-primer\" target=\"_blank\">Kem-Tone Exterior Alkali Resisting Primer</a></span></span><span style=\"font-family: interstate-light;\">&nbsp;tanpa pengenceran. Setelah kering aplikasikan dua lapis&nbsp;</span><span style=\"font-weight: bolder;\"><span style=\"font-family: interstate-light;\"><a href=\"https://sci-paint.com/product/view/kem-tone-exterior\" target=\"_blank\">Kem-Tone Exterior Satin Finish Paint</a></span></span><span style=\"font-family: interstate-light;\">&nbsp;tanpa pengenceran.</span></p><p style=\"text-align: justify; margin-left: 25px;\"><span style=\"font-weight: bolder; font-family: interstate-light; font-size: 1rem;\">Permukaan Tembok Gypsum</span><br></p><p style=\"text-align: justify; margin-left: 25px;\"><span style=\"font-family: interstate-light;\">Khusus untuk permukaan gypsum, bersihkan dahulu debu-debu gypsum yang biasanya timbul dari pengamplasan sambungan gypsum menggunakan lap basah. Setelah kering, beri satu lapis&nbsp;</span><span style=\"font-weight: bolder;\"><span style=\"font-family: interstate-light;\"><a href=\"https://sci-paint.com/product/view/kem-tone-alkali-resisting-primer\" target=\"_blank\">Kem-Tone Alkali Resisting Primer</a></span></span><span style=\"font-family: interstate-light;\">&nbsp;pada seluruh permukaan tembok. Pemberian primer ini sangat diperlukan dalam menyeragamkan daya serap permukaan gypsum untuk menghindari tampaknya sambungan pada gypsum board setelah pengecatan akhir. Setelah primernya kering, beri dua lapis&nbsp;</span><span style=\"font-weight: bolder;\"><span style=\"font-family: interstate-light;\"><a href=\"https://sci-paint.com/product/view/kem-tone-satin-finish-paint\" target=\"_blank\">Kem-Tone Satin Finish Paint</a></span></span><span style=\"font-family: interstate-light;\">&nbsp;atau&nbsp;</span><span style=\"font-weight: bolder;\"><span style=\"font-family: interstate-light;\"><a href=\"https://sci-paint.com/product/view/kem-tone-flat-finish-paint\" target=\"_blank\">Kem-</a></span><span style=\"font-family: interstate-light;\"><a href=\"https://sci-paint.com/product/view/kem-tone-flat-finish-paint\" target=\"_blank\">em-</a></span><span style=\"font-family: interstate-light;\"><a href=\"https://sci-paint.com/product/view/kem-tone-flat-finish-paint\" target=\"_blank\">Tone Flat Finish Paint</a></span></span><span style=\"font-family: interstate-light;\">&nbsp;tanpa diencerkan.</span></p><p style=\"text-align: justify; margin-left: 25px;\"><span style=\"font-family: interstate-light;\">Untuk plafon gypsum, dianjurkan untuk menggunakan&nbsp;</span><span style=\"font-weight: bolder;\"><span style=\"font-family: interstate-light;\"><a href=\"https://sci-paint.com/product/view/kem-tone-gypsum-ceiling-paint\" target=\"_blank\">Kem-Tone Gypsum &amp; Ceilling Paint</a></span></span><span style=\"font-family: interstate-light;\">&nbsp;sebagai top-coat (cat akhir).</span></p><p style=\"text-align: justify; margin-left: 25px;\"><b>Permukaan GRC</b></p><p style=\"text-align: justify; margin-left: 25px;\"><span style=\"font-size: 1rem;\">Untuk permukaan panel GRC (Glass-fiber Reinforced Concrete), disarankan untuk menghubungi produsen panel tersebut untuk mengetahui jenis release agent yang digunakan dalam proses pembuatan panel GRC tersebut. Dalam kasus tertentu, pencucian permukaan panel dengan detergen biasanya cukup untuk menghilangkan release agent yang menempel pada permukaan panel. Hubungi kami untuk keterangan dan rekomendasi lebih lanjut.</span></p><p style=\"text-align: justify; margin-left: 25px;\"><b>Permukaan Tembok Lama (Pengecatan Ulang)</b><br></p><p style=\"text-align: justify; margin-left: 25px;\"><span style=\"font-size: 1rem;\">Untuk permukaan tembok yang sebelumnya telah dicat, pertama-tama bersihkan tembok dari debu dan kotoran. Kemudian ujilah lapisan cat lama tersebut dengan cara sebagai berikut:</span></p><ul><li style=\"text-align: justify; margin-left: 25px;\"><span style=\"font-family: interstate-light;\">Usapkan telapak tangan anda pada tembok tersebut untuk menguji apakah pada dinding tersebut telah terjadi pengapuran. Jika pada telapak tangan anda terdapat tepung putih yang halus, maka pengapuran (chalking) telah terjadi.</span></li><li style=\"text-align: justify; margin-left: 25px;\"><span style=\"font-family: interstate-light;\">Siramlah tembok dengan air bersih. Jika air terserap kedalam lapisan cat (dapat terlihat dari perubahan warna lapisan cat tersebut) maka dapat dipastikan bahwa lapisan cat tersebut sudah tidak layak lagi untuk dicat ulang. Pada keadaan yang lebih parah, akan terjadi gelembung-gelembung (blistering) pada lapisan cat, dimana daya lekat&nbsp; (adhesion) cat tersebut pada substrat sudah hilang.</span></li></ul><p style=\"text-align: justify; margin-left: 25px;\"><span style=\"font-family: interstate-light; font-size: 1rem;\">Jika salah satu atau kedua hal&nbsp; tersebut terjadi, maka ada dua pilihan yang dapat dilakukan sebelum pengecatan ulang dilaksanakan:</span><br></p><ul><li style=\"text-align: justify; margin-left: 25px;\"><span style=\"font-family: interstate-light;\">Jalan yang terbaik adalah dengan mengelupaskan seluruh lapisan cat yang lama dengan menggunakan&nbsp;</span><span style=\"font-weight: bolder;\"><span style=\"font-family: interstate-light;\"><a href=\"https://sci-paint.com/product/view/kem-tone-paint-remover\" target=\"_blank\">Kem-Tone Paint Remover</a></span></span><span style=\"font-family: interstate-light;\">. Setelah itu bersih, basuhlah tembok tersebut dengan air bersih. Setelah kering, tembok telah siap untuk dicat ulang kembali. Ikuti petunjuk pengecatan untuk permukaan tembok semen baru.</span></li><li style=\"text-align: justify; margin-left: 25px;\"><span style=\"font-family: interstate-light;\">Alternatif kedua adalah dengan cara mencuci lapisan cat yang lama dengan menggunakan sikat dan air sabun/detergen. Setelah kering berilah satu lapis&nbsp;</span><span style=\"font-weight: bolder;\"><span style=\"font-family: interstate-light;\"><a href=\"https://sci-paint.com/product/view/kem-tone-3-in-1-alkali-resisting-primer-solvent-base\" target=\"_blank\">Kem-Tone 3 in 1 Primer</a></span></span><span style=\"font-family: interstate-light;\">&nbsp;atau&nbsp;</span><span style=\"font-weight: bolder;\"><span style=\"font-family: interstate-light;\"><a href=\"https://sci-paint.com/product/view/kem-tone-wall-sealer\" target=\"_blank\">Kem-Tone Wall sealer</a></span></span><span style=\"font-family: interstate-light;\">&nbsp;pada tembok tersebut. Setelah kering kini tembok telah siap untuk dicat kembali. Perlu diingat, alternatif ini bukanlah merupakan solusi terbaik.</span></li></ul><p style=\"text-align: justify; margin-left: 25px;\"><span style=\"font-family: interstate-light; font-size: 1rem;\">Khusus untuk tembok lama yang telah berjamur atau berlumut, bersihkan dahulu jamur/lumut dengan menggunakan 20% pemutih pakaian dalam air bersih. Kemudian ujilah kondisi lapisan cat lama seperti diatas.</span><br></p><p style=\"text-align: justify; margin-left: 25px;\"><span style=\"font-family: interstate-light;\">Jika kondisi lapisan cat lama masih layak untuk dicat ulang, pertama-tama bersihkan dahulu tembok tersebut dengan spons dan air sabun/detergen. Bilas dengan air bersih dan keringkan. Tambal lubang-lubang dan retakan dengan&nbsp;</span><span style=\"font-weight: bolder;\"><span style=\"font-family: interstate-light;\"><a href=\"https://sci-paint.com/product/view/kem-tone-wall-filler\" target=\"_blank\">Kem-Tone Wall Filler</a></span></span><span style=\"font-family: interstate-light;\">. Setelah kering, amplas dan bersihkan debu sisa amplas dengan lap basah. Daerah yang telah ditambal harus diberi satu lapis&nbsp;</span><span style=\"font-weight: bolder;\"><span style=\"font-family: interstate-light;\"><a href=\"https://sci-paint.com/product/view/kem-tone-alkali-resisting-primer\" target=\"_blank\">Kem-Tone Alkali Resisting Primer</a></span></span><span style=\"font-family: interstate-light;\">. Setelah kering, beri satu lapis&nbsp;</span><span style=\"font-weight: bolder;\"><span style=\"font-family: interstate-light;\"><a href=\"https://sci-paint.com/product/view/kem-tone-satin-finish-paint\" target=\"_blank\">Kem-Tone Satin Finish Paint</a></span></span><span style=\"font-family: interstate-light;\">&nbsp;atau&nbsp;</span><span style=\"font-weight: bolder;\"><span style=\"font-family: interstate-light;\"><a href=\"https://sci-paint.com/product/view/kem-tone-flat-finish-paint\" target=\"_blank\">Kem-Tone Flat Finish Paint</a></span></span><span style=\"font-family: interstate-light;\">&nbsp;tanpa diencerkan. Untuk tembok eksterior, gunakan hanya&nbsp;</span><span style=\"font-weight: bolder;\"><span style=\"font-family: interstate-light;\"><a href=\"https://sci-paint.com/product/view/kem-tone-exterior-alkali-resisting-primer\" target=\"_blank\">Kem-Tone Exterior Alkali Resisting Primer</a></span></span><span style=\"font-family: interstate-light;\">&nbsp;dan&nbsp;</span><span style=\"font-weight: bolder;\"><span style=\"font-family: interstate-light;\"><a href=\"https://sci-paint.com/product/view/kem-tone-exterior\" target=\"_blank\">Kem-Tone Exterior Satin Finish Paint</a></span></span><span style=\"font-family: interstate-light;\">&nbsp;sebagai cat dasar.</span></p><p></p><p></p><p></p><p></p><p></p><p></p><p></p><p></p><p></p><p></p><p></p><p></p></p>\n', 'tips-pengecatan-cat-tembok-kem-tone', '2021-05-05 12:41:19', '2021-05-20 07:08:17'),
(16, 'testing produkk', '1', 'img/artikel/1642589964800x700.png', '<p>Lorem ipsum dolor sit amet consectetur, adipisicing elit. Alias facilis inventore praesentium libero. Laudantium provident quisquam totam vel nemo. Laborum quidem dolorem exercitationem omnis blanditiis possimus amet, fugit minima accusamus.Lorem ipsum dolor sit amet consectetur, adipisicing elit. Alias facilis inventore praesentium libero. Laudantium provident quisquam totam vel nemo. Laborum quidem dolorem exercitationem omnis blanditiis possimus amet, fugit minima accusamus.<p><span style=\"font-size: var(--bs-body-font-size); font-weight: var(--bs-body-font-weight); text-align: var(--bs-body-text-align);\">Lorem ipsum dolor sit amet consectetur, adipisicing elit. Alias facilis inventore praesentium libero. Laudantium provident quisquam totam vel nemo. Laborum quidem dolorem exercitationem omnis blanditiis possimus amet, fugit minima accusamus.Lorem ipsum dolor sit amet consectetur, adipisicing elit. Alias facilis inventore praesentium libero. Laudantium provident quisquam totam vel nemo. Laborum quidem dolorem exercitationem omnis blanditiis possimus amet, fugit minima accusamus.</span><br></p></p>\n', 'testing-produkk', '2022-01-19 03:18:15', '2022-01-19 03:59:24');

-- --------------------------------------------------------

--
-- Struktur dari tabel `brands`
--

CREATE TABLE `brands` (
  `id` int(10) UNSIGNED NOT NULL,
  `judul` varchar(191) COLLATE utf8mb4_unicode_ci NOT NULL,
  `img` varchar(191) COLLATE utf8mb4_unicode_ci NOT NULL,
  `slug` varchar(191) COLLATE utf8mb4_unicode_ci NOT NULL,
  `created_at` timestamp NULL DEFAULT NULL,
  `updated_at` timestamp NULL DEFAULT NULL
) ENGINE=InnoDB DEFAULT CHARSET=utf8mb4 COLLATE=utf8mb4_unicode_ci;

--
-- Dumping data untuk tabel `brands`
--

INSERT INTO `brands` (`id`, `judul`, `img`, `slug`, `created_at`, `updated_at`) VALUES
(1, 'Kem-Tone', 'img/brands/1539764277kemtone.png', 'kem-tone', '2018-10-17 01:17:57', '2018-10-17 01:17:57'),
(2, 'Spectrum', 'img/brands/1539764300spectrum.png', 'spectrum', '2018-10-17 01:18:20', '2018-10-17 01:18:20'),
(3, 'ColorTone', 'img/brands/1539764322colortone.png', 'colortone', '2018-10-17 01:18:42', '2018-10-17 01:18:42'),
(4, 'Vinotex', 'img/brands/1539764372vinotex.png', 'vinotex', '2018-10-17 01:19:32', '2019-09-02 07:52:39'),
(5, 'Panatex', 'img/brands/1539764402panatex.png', 'panatex', '2018-10-17 01:20:02', '2019-09-02 07:52:50'),
(6, 'Tamitex', 'img/brands/1539764432tamitex.png', 'tamitex', '2018-10-17 01:20:32', '2019-09-02 07:53:15'),
(7, 'Sterling', 'img/brands/1539764476sterling.png', 'sterling', '2018-10-17 01:21:16', '2020-12-08 04:17:04'),
(8, 'ABC', 'img/brands/1539764496abc.png', 'abc', '2018-10-17 01:21:36', '2018-12-03 23:22:33'),
(9, 'Apollo', 'img/brands/1539766460apollo.png', 'apollo', '2018-10-17 01:54:20', '2019-09-02 07:53:40'),
(10, 'SCI Gard', 'img/brands/1543568119scigard.png', 'sci-gard', '2018-11-30 01:55:19', '2018-12-03 23:22:48'),
(11, 'Epo-Tone', 'img/brands/1543906751epo-tone.png', 'epo-tone', '2018-12-03 23:59:11', '2018-12-03 23:59:11'),
(12, 'Sanlux', 'img/brands/1576219153Sanlux_Zinc_Chromate.jpg', 'sanlux', '2019-12-13 06:39:13', '2019-12-13 06:39:13');

-- --------------------------------------------------------

--
-- Struktur dari tabel `brosurs`
--

CREATE TABLE `brosurs` (
  `id` bigint(20) UNSIGNED NOT NULL,
  `judul` varchar(255) COLLATE utf8mb4_unicode_ci NOT NULL,
  `img` varchar(255) COLLATE utf8mb4_unicode_ci NOT NULL,
  `pdf` varchar(255) COLLATE utf8mb4_unicode_ci NOT NULL,
  `slug` varchar(255) COLLATE utf8mb4_unicode_ci NOT NULL,
  `created_at` timestamp NULL DEFAULT NULL,
  `updated_at` timestamp NULL DEFAULT NULL
) ENGINE=InnoDB DEFAULT CHARSET=utf8mb4 COLLATE=utf8mb4_unicode_ci;

--
-- Dumping data untuk tabel `brosurs`
--

INSERT INTO `brosurs` (`id`, `judul`, `img`, `pdf`, `slug`, `created_at`, `updated_at`) VALUES
(1, 'Cat tembok Pilihan keluarga Indonesia', 'img/b_cover/1625465053Cat Tembok Keluarga Indonesia - San Central Indah.jpg', 'img/b_pdf/1625465053Cat Tembok Pilihan Keluarga Indonesia 2.pdf', 'cat-tembok-pilihan-keluarga-indonesia', '2019-12-10 07:39:13', '2021-07-05 13:04:24'),
(2, 'Tips Memilih Cat Tembok Kem-Tone', 'img/cover/1575963653Tips Kem-Tone.jpg', 'img/b_pdf/1625465193Tips Memilih Cat Tembok Kem-Tone 2.pdf', 'tips-memilih-cat-tembok-kem-tone', '2019-12-10 07:40:59', '2021-07-05 13:06:49'),
(3, 'Tips Memilih Cat Tembok Spectrum', 'img/b_cover/1625465340Tips Spectrum by San Central Indah.jpg', 'img/b_pdf/1625465340Tips Memilih Cat Tembok Spectrum 2.pdf', 'tips-memilih-cat-tembok-spectrum', '2019-12-10 07:42:10', '2021-07-05 13:09:17'),
(4, 'Spectrum Catalogue', 'img/b_cover/1576046642Katalog Produk Spectrum.jpg', 'img/b_pdf/1576046642Spectrum Catalogue.pdf', 'spectrum-catalogue', '2019-12-10 09:14:58', '2019-12-11 06:44:07'),
(5, 'Katalog Produk Kem-Tone', 'img/cover/1576048694Cover Brosur.jpg', 'img/b_pdf/1576048694Katalog Produk Kem-Tone.pdf', 'katalog-produk-kem-tone', '2019-12-11 07:18:22', '2019-12-11 07:18:22'),
(6, 'Coating System Selection Guide', 'img/cover/1576056578Coating System.jpg', 'img/b_pdf/1576056578Coating System Selection Guide.pdf', 'coating-system-selection-guide', '2019-12-11 09:29:41', '2019-12-11 09:29:41'),
(7, 'Spectrum UltraPrimer', 'img/b_cover/1625469819Spectrum UltraPrimer - San Central Indah.jpg', 'img/b_pdf/1625469819Spectrum Ultra Primer.pdf', 'spectrum-ultraprimer', '2019-12-11 09:32:44', '2021-07-05 14:23:43'),
(8, 'Kem-Tone UltraPrimer', 'img/b_cover/1625469892Kem-Tone UltraPrimer - San Central Indah.jpg', 'img/b_pdf/1625470075Kem-Tone Ultra Primer.pdf', 'kem-tone-ultraprimer', '2019-12-11 09:55:40', '2021-07-05 14:27:59'),
(9, 'Spectrum Granite', 'img/b_cover/1625120604Spectrum Granite.jpg', 'img/b_pdf/1625120604Brosur Spectrum Granite 2021.pdf', 'spectrum-granite', '2019-12-12 03:29:17', '2021-07-01 13:23:42'),
(10, 'Sterling Powder Coating', 'img/cover/1576122674Sterling Powder Coatings.jpg', 'img/b_pdf/1576122674Sterling Powder Coating.pdf', 'sterling-powder-coating', '2019-12-12 03:51:14', '2019-12-12 03:51:14'),
(11, 'Sterling Auto Refinish Base Coat', 'img/cover/1576125843Sterling Auto Refinish Base Coat.jpg', 'img/b_pdf/1576218773Sterling Auto Refinish Base Coat.pdf', 'sterling-auto-refinish-base-coat', '2019-12-12 04:44:06', '2019-12-13 06:32:53'),
(12, 'EPO-TONE Decorative Series', 'img/b_cover/1625465599EPO-TONE Decorative Series - San Central Indah.jpg', 'img/b_pdf/1625465599PDF_EPOTONE_Decorative 2.pdf', 'epo-tone-decorative-series', '2019-12-12 08:01:26', '2021-07-05 13:13:25'),
(13, 'SCIGuard Waterproofing', 'img/cover/1576137740SCIGard Waterproofing.jpg', 'img/b_pdf/1576137740SCIGuard Waterproofing.pdf', 'sciguard-waterproofing', '2019-12-12 08:02:20', '2019-12-12 08:02:20'),
(14, 'EPO-TONE FlooringTopcoat', 'img/b_cover/1592811516EPO-TONE Flooring Topcoat.jpg', 'img/b_pdf/1592811516EPO-TONE FlooringTopcoat.pdf', 'epo-tone-flooringtopcoat', '2019-12-12 08:03:19', '2020-06-22 07:38:36'),
(15, 'Sanlux Zinc Chromate', 'img/cover/1576142669Sanlux Zinc Chromate.jpg', 'img/b_pdf/1576142669Sanlux Zinc Chromate.pdf', 'sanlux-zinc-chromate', '2019-12-12 09:24:29', '2019-12-12 09:24:29'),
(16, 'Katalog Produk SCI Paint', 'img/b_cover/1625465700Katalog Produk SCI Paint vol.1 - San Central Indah.jpg', 'img/b_pdf/1625465700Katalog Produk SCI Paint 2.pdf', 'katalog-produk-sci-paint', '2019-12-17 04:49:32', '2021-07-05 13:15:07'),
(17, 'Katalog Produk Tinting SCI Paint', 'img/b_cover/1576822116Katalog Produk Tinting SCI Paint.jpg', 'img/b_pdf/1625465869Katalog Produk Tinting 2.pdf', 'katalog-produk-tinting-sci-paint', '2019-12-19 03:36:46', '2021-07-05 13:17:58'),
(18, 'Katalog Produk Ready Mix', 'img/cover/1576818491Katalog Produk Ready Mix.jpg', 'img/b_pdf/1625476323Katalog Produk Ready Mix 2.pdf', 'katalog-produk-ready-mix', '2019-12-20 05:08:16', '2021-07-05 16:12:08'),
(19, 'Katalog Produk SCI Paint vol.2', 'img/cover/1576823006Katalog Produk SCI Paint vol.2.jpg', 'img/b_pdf/1625466094Katalog Produk SCI Paint Vol.2B.pdf', 'katalog-produk-sci-paint-vol2', '2019-12-20 06:23:27', '2021-07-05 13:21:41'),
(20, 'Panduan Memilih Cat', 'img/b_cover/1577092571Panduan memilih Cat.jpg', 'img/b_pdf/1625476436Panduan Memilih Cat 2.pdf', 'panduan-memilih-cat', '2019-12-20 09:38:19', '2021-07-05 16:14:00'),
(22, 'Spectrum Waterproof SW 08', 'img/cover/1594279658Spectrum Waterproof.jpg', 'img/b_pdf/1594279658Brosur Spectrum Waterproof WS08.pdf', 'spectrum-waterproof-sw-08', '2020-07-09 07:27:52', '2022-01-19 05:08:49'),
(23, 'testing brosur', 'img/cover/1642593811300.png', 'img/b_pdf/1642593811dummies.pdf', 'testing-brosur', '2022-01-19 05:03:31', '2022-01-19 05:03:31');

-- --------------------------------------------------------

--
-- Struktur dari tabel `contacts`
--

CREATE TABLE `contacts` (
  `id` bigint(20) UNSIGNED NOT NULL,
  `name` varchar(255) COLLATE utf8mb4_unicode_ci NOT NULL,
  `email` varchar(255) COLLATE utf8mb4_unicode_ci NOT NULL,
  `message` longtext COLLATE utf8mb4_unicode_ci NOT NULL,
  `created_at` timestamp NULL DEFAULT NULL,
  `updated_at` timestamp NULL DEFAULT NULL
) ENGINE=InnoDB DEFAULT CHARSET=utf8mb4 COLLATE=utf8mb4_unicode_ci;

--
-- Dumping data untuk tabel `contacts`
--

INSERT INTO `contacts` (`id`, `name`, `email`, `message`, `created_at`, `updated_at`) VALUES
(1, 'indah permatasari', 'indah@gmail.com', 'Lorem ipsum dolor sit amet consectetur, adipisicing elit. Alias facilis inventore praesentium libero. Laudantium provident quisquam totam vel nemo. Laborum quidem dolorem exercitationem omnis blanditiis possimus amet, fugit minima accusamus.', '2022-02-06 02:00:23', '2022-02-06 02:00:23'),
(2, 'indah permatasari', 'indah@gmail.com', 'Lorem ipsum dolor sit amet consectetur, adipisicing elit. Alias facilis inventore praesentium libero. Laudantium provident quisquam totam vel nemo. Laborum quidem dolorem exercitationem omnis blanditiis possimus amet, fugit minima accusamus.Lorem ipsum dolor sit amet consectetur, adipisicing elit. Alias facilis inventore praesentium libero. Laudantium provident quisquam totam vel nemo. Laborum quidem dolorem exercitationem omnis blanditiis possimus amet, fugit minima accusamus.', '2022-02-06 02:02:40', '2022-02-06 02:02:40');

-- --------------------------------------------------------

--
-- Struktur dari tabel `failed_jobs`
--

CREATE TABLE `failed_jobs` (
  `id` bigint(20) UNSIGNED NOT NULL,
  `connection` text COLLATE utf8mb4_unicode_ci NOT NULL,
  `queue` text COLLATE utf8mb4_unicode_ci NOT NULL,
  `payload` longtext COLLATE utf8mb4_unicode_ci NOT NULL,
  `exception` longtext COLLATE utf8mb4_unicode_ci NOT NULL,
  `failed_at` timestamp NOT NULL DEFAULT current_timestamp()
) ENGINE=InnoDB DEFAULT CHARSET=utf8mb4 COLLATE=utf8mb4_unicode_ci;

-- --------------------------------------------------------

--
-- Struktur dari tabel `kategoris`
--

CREATE TABLE `kategoris` (
  `id` int(10) UNSIGNED NOT NULL,
  `judul` varchar(191) COLLATE utf8mb4_unicode_ci NOT NULL,
  `content` text COLLATE utf8mb4_unicode_ci NOT NULL,
  `img` varchar(191) COLLATE utf8mb4_unicode_ci NOT NULL,
  `slug` varchar(191) COLLATE utf8mb4_unicode_ci NOT NULL,
  `created_at` timestamp NULL DEFAULT NULL,
  `updated_at` timestamp NULL DEFAULT NULL
) ENGINE=InnoDB DEFAULT CHARSET=utf8mb4 COLLATE=utf8mb4_unicode_ci;

--
-- Dumping data untuk tabel `kategoris`
--

INSERT INTO `kategoris` (`id`, `judul`, `content`, `img`, `slug`, `created_at`, `updated_at`) VALUES
(1, 'cat tembok tinting', 'Cat tembok tinting merupakan produk premium. Anda dapat memilih variasi warna yang tak terbatas dengan ribuan warna yang bisa dipilih dan dibuat oleh mesin berteknologi tinting.', 'img/kategori/bg/1540872974tinting.jpg', 'cat-tembok-tinting', '2018-10-17 01:13:06', '2019-12-04 04:01:53'),
(2, 'cat tembok', 'Cat pelapis ready mix (non tinting) dengan pilihan warna yang terbatas untuk permukaan tembok interior-eksterior. Cat pelapis ini berfungsi untuk memperindah, memperkuat dan melindungi permukaan yang dilapisi.', 'img/kategori/bg/1541564809bg-tembok.jpg', 'cat-tembok', '2018-10-17 01:13:19', '2019-12-04 04:12:50'),
(3, 'cat kayu dan besi', 'Cat pelapis ready mix yang diformulasikan khusus untuk permukaan kayu dan besi, dengan fungsi memperindah, memperkuat dan melindungi permukaan yang dilapisi.', 'img/kategori/bg/1541565763bg-kayu.jpg', 'cat-kayu-dan-besi', '2018-10-17 01:14:43', '2019-12-04 04:15:58'),
(4, 'cat pelapis anti bocor', 'Cat pelapis anti bocor sebagai pelindung & penguat untuk permukaan yang sering dialiri air seperti pada permukaan dinding, dak beton, talang air, genteng.', 'img/kategori/bg/1541565598bg-pelapis.jpg', 'cat-pelapis-anti-bocor', '2018-10-17 01:15:03', '2019-12-04 04:20:00'),
(5, 'cat dasar/dempul', 'Cat pelapis yang digunakan untuk melengkapi dan menyempurnakan proses aplikasi pengecatan atau pelapisan. Cat pelapis ini terdiri dari cat dasar (undercoat) digunakan untuk memperkuat lapisan cat warna (topcoat) dan dempul digunakan untuk menutupi retak/lubang pada permukaan tembok.', 'img/kategori/bg/1541570921bg-dasar.jpg', 'cat-dasardempul', '2018-10-17 01:15:26', '2019-12-04 04:29:15'),
(6, 'cat genteng', 'Cat pelapis yang diformulasikan khusus untuk permukaan genteng, dengan fungsi memperindah, memperkuat dan melindungi permukaan yang dilapisi.', 'img/kategori/bg/1541566676bg-genteng.jpg', 'cat-genteng', '2018-10-17 01:15:46', '2019-12-04 04:36:56'),
(7, 'cat mobil', 'Cat pelapis auto refinish yang diformulasikan khusus untuk mobil, dengan fungsi memperindah, memperkuat dan melindungi permukaan yang dilapisi.', 'img/kategori/1575011769AutoRefinish.jpg', 'cat-mobil', '2018-10-17 01:16:01', '2019-12-04 04:42:15'),
(8, 'cat spesial', 'Cat premium yang mempunyai karakteristik pada kemampuan dan kelebihan khusus.', 'img/kategori/bg/1541571287bg-spesial.jpg', 'cat-spesial', '2018-10-17 01:16:17', '2019-12-04 04:45:10'),
(9, 'cat industri', 'Cat pelapis premium yang diformulasikan khusus untuk memenuhi segala kebutuhan cat untuk industri.', 'img/kategori/bg/1541571639bg-industri.jpg', 'cat-industri', '2018-10-17 01:16:42', '2019-12-04 04:46:30'),
(10, 'cat gypsum', 'Cat pelapis premium yang diformulasikan khusus untuk permukaan gypsum, dengan fungsi memperindah, memperkuat dan melindungi permukaan yang dilapisi.', 'img/kategori/1546931926bg-gypsum.jpg', 'cat-gypsum', '2019-01-08 07:18:46', '2019-12-04 04:49:37');

-- --------------------------------------------------------

--
-- Struktur dari tabel `migrations`
--

CREATE TABLE `migrations` (
  `id` int(10) UNSIGNED NOT NULL,
  `migration` varchar(255) COLLATE utf8mb4_unicode_ci NOT NULL,
  `batch` int(11) NOT NULL
) ENGINE=InnoDB DEFAULT CHARSET=utf8mb4 COLLATE=utf8mb4_unicode_ci;

--
-- Dumping data untuk tabel `migrations`
--

INSERT INTO `migrations` (`id`, `migration`, `batch`) VALUES
(1, '2014_10_12_000000_create_users_table', 1),
(2, '2014_10_12_100000_create_password_resets_table', 1),
(3, '2019_08_19_000000_create_failed_jobs_table', 1),
(4, '2022_01_19_044515_create_contacts_table', 2);

-- --------------------------------------------------------

--
-- Struktur dari tabel `password_resets`
--

CREATE TABLE `password_resets` (
  `email` varchar(255) COLLATE utf8mb4_unicode_ci NOT NULL,
  `token` varchar(255) COLLATE utf8mb4_unicode_ci NOT NULL,
  `created_at` timestamp NULL DEFAULT NULL
) ENGINE=InnoDB DEFAULT CHARSET=utf8mb4 COLLATE=utf8mb4_unicode_ci;

-- --------------------------------------------------------

--
-- Struktur dari tabel `products`
--

CREATE TABLE `products` (
  `id` int(10) UNSIGNED NOT NULL,
  `judul` varchar(191) COLLATE utf8mb4_unicode_ci NOT NULL,
  `content` text COLLATE utf8mb4_unicode_ci NOT NULL,
  `brand_id` varchar(191) COLLATE utf8mb4_unicode_ci NOT NULL,
  `kategori_id` varchar(191) COLLATE utf8mb4_unicode_ci NOT NULL,
  `img` varchar(191) COLLATE utf8mb4_unicode_ci NOT NULL,
  `pdf` varchar(191) COLLATE utf8mb4_unicode_ci DEFAULT NULL,
  `slug` varchar(191) COLLATE utf8mb4_unicode_ci NOT NULL,
  `created_at` timestamp NULL DEFAULT NULL,
  `updated_at` timestamp NULL DEFAULT NULL
) ENGINE=InnoDB DEFAULT CHARSET=utf8mb4 COLLATE=utf8mb4_unicode_ci;

--
-- Dumping data untuk tabel `products`
--

INSERT INTO `products` (`id`, `judul`, `content`, `brand_id`, `kategori_id`, `img`, `pdf`, `slug`, `created_at`, `updated_at`) VALUES
(1, 'kem-tone satin finish paint', 'Cat tembok berkualitas tinggi bernuansa satin yang lembut khusus untuk interior. Dengan permukaan cat yang sedikit mengkilap seperti kain satin, membuat nuansa ruangan anda tampak lebih luas dan terang tanpa kesan menyilaukan. Dapat dibersihkan dengan spons dan air sabun. Mengandung kadar VOC yang sangat rendah.\r\nKemasan: 3,78 liter dan  18,9 liter. \r\nDaya sebar teoritis: 20  25 m /gallon \r\n(tergantung jenis permukaan tembok).', '1', '1', 'img/products/1539766899Kemtone-Satin.png', 'img/pdf/1577423522TDS_Kem-Tone_SatinFinishPaint.pdf', 'kem-tone-satin-finish-paint', '2018-10-17 02:01:39', '2019-12-27 05:12:06'),
(2, 'kem-tone exterior', 'Cat tembok 100% Acrylic khusus untuk eksterior yang tahan terhadap segala cuaca dan sinar UV matahari. Dilengkapi bahan anti lumut dan jamur. Warna tidak mudah pudar serta memiliki ketahanan yang dijamin hingga 5 Tahun (syarat dan ketentuan berlaku). Corak semi gloss sehingga kotoran tidak mudah melekat dan dapat dibersihkan dengan air sabun. Memiliki daya rekat yang kuat dan kadar VOC yang sangat rendah.\r\nKemasan: 3,78 liter dan  18,9 liter. \r\nDaya sebar teoritis: 20  25 m/gallon\r\n(tergantung jenis permukaan tembok).', '1', '1', 'img/products/1539767009Kemtone-Exterior.png', 'img/pdf/1577423618TDS_Kem-Tone_Exterior.pdf', 'kem-tone-exterior', '2018-10-17 02:03:29', '2019-12-27 05:13:42'),
(3, 'kem-tone flat finish paint', 'Cat tembok dengan hasil akhir flat (dof) khusus untuk interior. Nuansa flat (dof) dapat menutupi ketidaksempurnaan tembok yang permukaannya tidak rata. Dapat dibersihkan dengan air sabun, ramah lingkungan dan mengandung kadar VOC yang sangat rendah.\r\nKemasan: 3,78 liter dan  18,9 liter. \r\nDaya sebar teoritis: 20  25 m /gallon \r\n(tergantung jenis permukaan tembok).', '1', '1', 'img/products/1539767137Kemtone-Satin-Flat.png', 'img/pdf/1577423665TDS_Kem-Tone_FlatFinishPaint.pdf', 'kem-tone-flat-finish-paint', '2018-10-17 02:05:37', '2019-12-27 05:14:28'),
(4, 'spectrum interior exterior paint', 'Cat tembok dengan nuansa flat (dof) yang lembut khusus untuk interior dan eksterior. Keunggulan: kualitas tinggi dengan harga ekonomis, warna tetap segar, tidak mudah pudar, dapat dibersihkan dengan air sabun, ramah lingkungan dan mengandung kadar VOC yang sangat rendah.\r\nKemasan: 3,78 liter dan  18,9 liter. \r\nDaya sebar teoritis: 20  25 m /gallon \r\n(tergantung jenis permukaan tembok).', '2', '1', 'img/products/1539767160Spectrum-Interior.png', 'img/pdf/1577423728TDS_Spectrum.pdf', 'spectrum-interior-exterior-paint', '2018-10-17 02:06:00', '2019-12-27 05:15:28'),
(5, 'ColorTone', 'Cat tembok dengan nuansa flat (dof) khusus interior. Keunggulan: kualitas menengah dengan harga ekonomis, warna lembut (soft), dapat dibersihkan dengan air sabun, ramah lingkungan, anti bakteri dan mengandung kadar VOC yang sangat rendah.\r\nKemasan: 2,5 liter dan  17,5 liter. \r\nDaya sebar secara teoritis: 11 m /liter\r\n(tergantung jenis permukaan tembok).', '3', '1', 'img/products/1544171027Colortone-Interior-Eksterior.png', 'img/pdf/1577411741TDS_ColorTone.pdf', 'colortone', '2018-10-17 02:06:23', '2019-12-27 01:55:41'),
(6, 'Vinotex Cat Tembok', 'Cat tembok Vinotex merupakan cat emulsi standar untuk dinding (interior/eksterior) dan plafon. Ramah lingkungan karena berbahan dasar air, bebas timbal dan merkuri. Memiliki daya tutup yang baik, warna-warna yang cerah dan lapisan catnya tidak mengapur. Kemasan: 1kg, 4kg, 5kg, 20kg dan 23kg. Daya sebar teoritis: 5-6m per kg (tergantung tingkat porositas media, jenis warna & metode aplikasi).', '4', '2', 'img/products/1539767303Vinotex-Interior-Eksterior.png', 'img/pdf/1577411770TDS_CT_Vinotex.pdf', 'vinotex-cat-tembok', '2018-10-17 02:08:23', '2019-12-27 01:56:10'),
(7, 'tamitex cat tembok', 'Cat tembok Tamitex adalah cat dekoratif untuk dinding (interior/eksterior) dan plafon. Ramah lingkungan karena berbahan dasar air, bebas timbal dan merkuri. Memiliki daya tahan dan daya lekat yang baik. Kemasan: 1kg, 5kg dan 23kg. Daya sebar teoritis: 6-7m per kg (tergantung tingkat porositas media, jenis warna & metode aplikasi).', '6', '2', 'img/products/1539767545Tamitex-Cat-Tembok.png', 'img/pdf/1577411789TDS_CT_Tamitex.pdf', 'tamitex-cat-tembok', '2018-10-17 02:12:25', '2019-12-27 01:56:29'),
(8, 'panatex cat tembok', 'Cat tembok Panatex merupakan cat emulsi ekonomis untuk dinding (interior/eksterior) dan plafon. Ramah lingkungan, bebas timbal dan merkuri. Memiliki daya sebar yang luas, warna-warna yang cerah dan lapisan catnya tidak mengapur. Kemasan: 1kg, 4kg, 5kg, 20kg dan 23kg. Daya sebar teoritis: 5-6m per kg (tergantung tingkat porositas media, jenis warna & metode aplikasi).', '5', '2', 'img/products/1539767657Panatex-cat-tembok.png', 'img/pdf/1577411807TDS_CT_Panatex.pdf', 'panatex-cat-tembok', '2018-10-17 02:14:17', '2019-12-27 01:56:47'),
(9, 'apollo cat tembok', 'Cat tembok Apollo merupakan cat yang berkualitas, khusus dibuat untuk semua jenis ruang dalam atau ruang luar yang dapat diaplikasikan dengan mudah pada segala jenis tembok, plafon dan lain-lain, dengan harga paling ekonomis. Kemasan: 5kg dan 20kg. Daya sebar teoritis: 4-5m per kg (tergantung tingkat porositas media, jenis warna & metode aplikasi).', '9', '2', 'img/products/1539767762Apollo-Cat-Tembok.png', 'img/pdf/1579666244TDS_CT_Apollo.pdf', 'apollo-cat-tembok', '2018-10-17 02:16:02', '2020-01-22 04:10:44'),
(10, 'ABC Cat Kayu/Besi', 'Cat kayu/besi ABC merupakan cat alkyd synthetic bermutu tinggi untuk permukaan kayu dan besi interior maupun exterior. Memiliki lapisan cat yang sangat kilap dan cemerlang, ketahanan warna tinggi, tahan cuaca, dan cepat kering. Kemasan: 0,8lt. Daya sebar teoritis: 5-7m per kg (tergantung tingkat porositas media, jenis warna & metode aplikasi).', '8', '3', 'img/products/1539768122Cat-Kayu-Abc.png', 'img/pdf/1577411837TDS_CK_ABC.pdf', 'abc-cat-kayubesi', '2018-10-17 02:22:02', '2019-12-27 01:57:17'),
(12, 'kem-tone ultraPrimer', 'Cat dasar berbahan dasar air digunakan khusus untuk tembok yang memiliki kadar kelembaban tinggi.\r\nKemasan: 3,78 liter dan  18,9 liter. \r\nDaya sebar teoritis: 45  50 m /galon \r\n(tergantung jenis permukaan tembok).', '1', '5', 'img/products/1620613238Kem-Tone Ultra Primer.png', 'img/pdf/1577423775TDS_Kem-Tone_UltraPrimer.pdf', 'kem-tone-ultraprimer', '2018-10-17 02:26:11', '2021-05-10 09:20:38'),
(13, 'kem-tone exterior alkali resisting primer', 'Cat dasar berbahan dasar air dengan daya tahan pH/basa lebih tinggi khusus untuk eksterior. Dapat membantu daya rekat lebih kuat dan memperpanjang daya tahan cat akhir (top coat).\r\nKemasan: 3,78 liter dan  18,9 liter. \r\nDaya sebar teoritis: 45  50 m /gallon \r\n(tergantung jenis permukaan tembok).', '1', '5', 'img/products/1620196401Kem-Tone Exterior Alkali Resisting Primer.png', 'img/pdf/1577423878TDS_Kem-Tone_ExteriorAlkaliResistingPrimer.pdf', 'kem-tone-exterior-alkali-resisting-primer', '2018-10-17 18:03:59', '2021-05-05 13:33:21'),
(14, 'kem-tone wall sealer', 'Cat dasar berbahan dasar minyak khusus untuk pengecatan ulang pada tembok yang mengapur, dan untuk memperindah cat lama (khusus cat Kem-Tone) agar warnanya tampak cerah kembali. Cat dasar ini bersifat mengikat kembali partikel pigmen yang lepas pada permukaan cat yang kusam.\r\nKemasan: 3,78 liter dan  18,9 liter. \r\nDaya sebar teoritis: 45  50 m/galon \r\n(tergantung jenis permukaan tembok).', '1', '5', 'img/products/1539824833Kemtone-Wall-Sealer.png', 'img/pdf/1577423934TDS_Kem-Tone_WallSealer.pdf', 'kem-tone-wall-sealer', '2018-10-17 18:07:13', '2019-12-27 05:18:58'),
(15, 'Kem-Tone 3 in 1 Alkali Resisting Primer (Solvent Base)', 'Cat dasar berbahan dasar minyak yang berfungsi sekaligus sebagai Wall Sealer, Alkali Resisting Primer dan Stain Blocker (anti noda). Dapat digunakan untuk permukaan interior dan eksterior. Tidak dapat digunakan untuk gypsum.\r\nKemasan: 3,78 liter dan  18,9 liter. \r\nDaya sebar teoritis: 45  50 m /gallon (tergantung jenis permukaan tembok).', '1', '5', 'img/products/1539825015Kemtone-3in1.png', 'img/pdf/1577423974TDS_Kem-Tone_3in1.pdf', 'kem-tone-3-in-1-alkali-resisting-primer-solvent-base', '2018-10-17 18:10:15', '2019-12-27 05:19:35'),
(16, 'spectrum ultraPrimer', 'Cat dasar berbahan dasar air digunakan khusus untuk tembok yang memiliki kadar kelembaban tinggi.\r\nKemasan: 3,78 liter dan  18,9 liter. \r\nDaya sebar teoritis: 45  50 m/galon \r\n(tergantung jenis permukaan tembok).', '2', '5', 'img/products/1592800559Spectrum UltraPrimer.png', 'img/pdf/1577424032TDS_Spectrum_UltraPrimer.pdf', 'spectrum-ultraprimer', '2018-10-17 18:11:12', '2020-06-22 04:35:59'),
(17, 'spectrum alkali resisting primer', 'Cat dasar berbahan dasar air yang tahan pH tinggi/basa untuk interior dan eksterior. Dianjurkan pemakaian cat dasar pada tembok dan gypsum yang baru agar hasil pengecatan lebih sempurna dan lebih tahan lama.\r\nKemasan: 3,78 liter dan  18,9 liter. \r\nDaya sebar teoritis: 40  50 m/gallon \r\n(tergantung jenis permukaan).', '2', '5', 'img/products/1592800577Spectrum Alkali.png', 'img/pdf/1577424049TDS_Spectrum_Alkali.pdf', 'spectrum-alkali-resisting-primer', '2018-10-17 18:14:52', '2020-06-22 04:36:17'),
(18, 'ColorTone Alkali Resisting Primer', 'Cat dasar berbahan dasar air yang tahan pH tinggi/basa khusus interior. Sangat dianjurkan pemakaian cat dasar pada permukaan tembok dan gypsum yang baru agar hasil pengecatan lebih sempurna dan lebih tahan lama.\r\nKemasan: 2,5 liter dan  17,5 liter. \r\nDaya sebar secara teoritis: 22 m/gallon \r\n(tergantung jenis permukaan tembok).', '3', '5', 'img/products/1539825355Colortone-Interior-Eksterior.png', 'img/pdf/1577412331TDS_ColorTone_Alkali.pdf', 'colortone-alkali-resisting-primer', '2018-10-17 18:15:55', '2019-12-27 02:05:31'),
(19, 'kem-tone wall filler', 'Dempul/plamuur tembok kualitas tinggi dengan daya rekat yang kuat. Khusus digunakan untuk menambal lubang dan retakan pada tembok maupun triplek. \r\nKemasan: 5Kg dan 25Kg.', '1', '5', 'img/products/1539825469Kemtone-Wall-Filler.png', 'img/pdf/1577424005TDS_Kem-Tone_WallFiler.pdf', 'kem-tone-wall-filler', '2018-10-17 18:17:49', '2019-12-27 05:20:06'),
(20, 'tamitex cat genteng', 'Cat genteng Tamitex merupakan cat acrylic khusus untuk genteng (beton press, tanah liat) yang diformulasikan agar tahan segala cuaca dengan penampilan semi kilap. Ramah lingkungan karena berbahan dasar air, bebas timbal & merkuri, anti UV serta tahan terhadap serangan jamur & lumut. Dapat digunakan juga untuk pengecatan atap asbes, paving stone, rambu jalan, serta lapangan tenis. Kemasan: 1kg, 4kg dan 20kg. Daya sebar teoritis: 10-11m per kg (tergantung tingkat porositas media, jenis warna & metode aplikasi).', '6', '6', 'img/products/1539825575Tamitex-cat-genteng.png', 'img/pdf/1577412403TDS_CG_Tamitex.pdf', 'tamitex-cat-genteng', '2018-10-17 18:19:35', '2019-12-27 02:06:43'),
(21, 'panatex cat genteng', 'Cat genteng Panatex merupakan cat khusus untuk genteng yang diformulasikan agar tahan terhadap sinar matahari dengan penampilan semi kilap. Ramah lingkungan karena berbahan dasar air, melindungi genteng agar tidak mudah bocor, dan tidak mudah mengelupas. Kemasan: 1kg, 4kg dan 20kg. Daya sebar teoritis: 8-9m per kg (tergantung tingkat porositas media, jenis warna & metode aplikasi).', '5', '6', 'img/products/1539825687Panatex-Cat-Genteng.png', 'img/pdf/1577412419TDS_CG_Panatex.pdf', 'panatex-cat-genteng', '2018-10-17 18:21:27', '2019-12-27 02:06:59'),
(23, 'kem-tone paint remover', 'Digunakan untuk merontokkan lapisan cat lama pada permukaan tembok tanpa merusak permukaan semen sama sekali. Dapat juga digunakan untuk merontokkan cat kayu/besi, duco, powder coating, dll.\r\nKemasan: 3,78 liter dan  18,9 liter.', '1', '8', 'img/products/1540266099Kemtone-Paint-Remover.png', 'img/pdf/1577424128TDS_Kem-Tone_PaintRemover.pdf', 'kem-tone-paint-remover', '2018-10-22 20:41:39', '2019-12-27 05:22:11'),
(24, 'Spectrum ultraShield', 'Cat tembok 100% Acrylic khusus untuk eksterior yang tahan terhadap segala cuaca dan sinar UV matahari. Dilengkapi bahan anti lumut dan jamur. Warna tidak mudah pudar serta memiliki ketahanan untuk warna-warna yang cerah. Corak semi gloss sehingga kotoran tidak mudah melekat dan dapat dibersihkan dengan air sabun. Memiliki daya rekat yang kuat dan kadar VOC yang sangat rendah. Kemasan: 3,78 liter dan  18,9 liter. Daya sebar teoritis: 20  25 m /gallon (tergantung jenis permukaan tembok).', '2', '1', 'img/products/1544170720Spectrum-Ultrashield.png', 'img/pdf/1577424072TDS_UltraShield.pdf', 'spectrum-ultrashield', '2018-12-07 01:18:40', '2019-12-27 05:21:12'),
(26, 'sterling polyester', 'Sterling Polyester Powder Coating ini diformulasikan secara khusus untuk aplikasi outdoor, dimana ketahanan terhadap sinar UV dan ketahanan terhadap perubahan cuaca sangat diperlukan. Sterling Polyester Powder Coating dapat diaplikasikan pada permukaan metal dan allumunium. Sterling Polyester Powder Coating merupakan cat khusus industri, info selengkapnya silahkan hubungi kami.', '7', '9', 'img/products/1567410191Sterling_Polyester.jpg', 'img/pdf/1577412567TDS_Sterling_Polyester.pdf', 'sterling-polyester', '2018-11-29 20:26:06', '2019-12-27 02:09:31'),
(27, 'sterling epoxy polyester', 'Sterling Epoxy Polyester Powder Coating diformulasikan secara khusus untuk aplikasi indoor, dimana kebutuhan warna serta tingkat gloss dapat disesuaikan dengan kebutuhan. Sterling Epoxy Polyester Powder Coating ini sangat cocok untuk: Dish Washing, Electrical Panel, Office Furniture, Kompor Gas, dll. dimana kebutuhan \'mechanical property dan scratch resistant\' sangat diperlukan. Sterling Epoxy Polyester Powder Coating ini sangat baik di \'flexibility dan flow\'. Mohon diperhatikan bahwa Sterling Epoxy Polyester Powder Coating ini tidak cocok digunakan untuk aplikasi outdoor!.. Sterling Epoxy Polyester Powder Coating merupakan cat khusus industri, info selengkapnya silahkan hubungi kami.', '7', '9', 'img/products/1567410353Sterling_Epoxy_Polyester.jpg', 'img/pdf/1577412598TDS_Sterling_EpoxyPolyester.pdf', 'sterling-epoxy-polyester', '2018-11-29 20:28:01', '2019-12-27 02:09:58'),
(29, 'SCI Gard Elastomer Waterproofing Material', 'SCI Gard Elastomer Waterproofing Material adalah bahan pelapis tahan-air (waterproofing) yang sangat kuat dan super fleksibel, dirancang untuk digunakan pada permukaan semen/beton dan berbagai jenis permukaan lainnya. Dengan kemampuan elongasi yang mencapai 500% dan kekuatan tensile strength yang tinggi, SCI Gard merupakan pilihan yang paling cocok sebagai pelapis  waterproofing dan untuk meredam retakan-retakan yang terjadi pada beton (bridging stress-cracks). SCI Gard memiliki 100% kandungan solid, tidak mengandung bahan VOC menjadikannya lebih ramah lingkungan. SCI Gard terdiri dari dua komponen (komponen A dan komponen B). Komponen A terdiri dari Isosianat dan komponen B terdiri dari Polieteramin. SCI Gard adalah cat spesial proyek, info selengkapnya silahkan hubungi kami.', '10', '8', 'img/products/1543568959scigard.png', 'img/pdf/1577424210TDS SCIGuard Waterproofing.pdf', 'sci-gard-elastomer-waterproofing-material', '2018-11-30 02:09:19', '2019-12-27 05:23:33'),
(30, 'Epoxy EpoTone', 'Cat epoxy Epo-Tone Flooring Topcoat adalah cat epoxy dua komponen khusus lantai (beton, kayu atau baja) yang memiliki daya rekat yang kuat, lebih awet (memiliki ketahanan terhadap zat kimia) dan higienis dengan beberapa varian warna membuat penampilan lantai menjadi menarik dan memberikan kesan ruangan lebih terang (kilap/gloss). Cat epoxy Epo-Tone Flooring Topcoat adalah cat spesial proyek, info selengkapnya silahkan hubungi kami.', '11', '8', 'img/products/1592799844EpoTone_Pic.png', 'img/pdf/1592799844TDS EPO-TONE FlooringTopcoat.pdf', 'epoxy-epotone', '2018-12-21 01:37:43', '2020-06-22 04:24:04'),
(35, 'Kem-Tone Gypsum & Ceiling Paint', 'Cat khusus untuk permukaan plafon gypsum interior. Keunggulan cat ini adalah bersifat Non Spattering (tidak menyiprat atau menetes pada saat diaplikasikan), Non Yellowing, dan tidak perlu diencerkan. Hasil akhir flat (dof) dapat membantu menutupi ketidaksempurnaan permukaan plafon. Ramah lingkungan dan mengandung kadar VOC yang sangat rendah. Kemasan: 5Kg dan  25Kg. Daya sebar teoritis: 20  25 m /galon (tergantung jenis gypsum).', '1', '10', 'img/products/1546933412Kemtone-Gypsum.png', 'img/pdf/1577424156TDS_Kem-Tone_Gypsum.pdf', 'kem-tone-gypsum-ceiling-paint', '2019-01-08 07:43:32', '2019-12-27 05:22:37'),
(36, 'Spectrum Gypsum & Ceiling Paint', 'Cat khusus untuk permukaan plafon gypsum interior. Diformulasikan agar memiliki daya tutup tinggi dengan hasil akhir flat (dof). Keunggulan: harga cukup ekonomis, ramah lingkungan dan mengandung kadar VOC yang sangat rendah. Kemasan: 3,78 liter dan  18,9 liter. Daya sebar teoritis: 20  25 m /galon (tergantung jenis gypsum).', '2', '10', 'img/products/1546933601Spectrum-Gypsum.png', 'img/pdf/1577424094TDS_Spectrum_Gypsum.pdf', 'spectrum-gypsum-ceiling-paint', '2019-01-08 07:46:41', '2019-12-27 05:21:34'),
(38, 'Epoxy EpoTone Decorative', 'Cat epoxy Epo-Tone Decorative Series adalah cat epoxy dua komponen yang dapat diaplikasikan di media kayu, MDF, GRC, beton, dan dengan teknik pengaplikasian khusus maka media yang di cat dapat menyerupai motif granit dan batu marmer. Kemasan: 3,5 liter dan 0,9 liter. Sangat cocok untuk pengerjaan \'Countertop Materials\'.', '11', '8', 'img/products/1567411667EpoTone_Decorative.jpg', 'img/pdf/1577424260TDS EPO-TONE Decorative Series.pdf', 'epoxy-epotone-decorative', '2019-09-02 08:07:47', '2019-12-27 05:24:23'),
(39, 'Kem-Tone Alkali Resisting Primer', 'Kem-Tone Alkali Resisting Primer adalah cat dasar khusus interior berbahan dasar air yang tahan pH tinggi/basa khusus untuk interior. Sangat dianjurkan pemakaian cat dasar pada permukaan tembok dan gypsum yang baru, agar hasil pengecatan lebih sempurna dan tahan lama. Kemasan: 3,78 liter dan 18,9 liter. Daya sebar teoritis: 40 - 50 m/gallon (tergantung jenis permukaan tembok).', '1', '5', 'img/products/1568087265Kemtone-Alkali.png', 'img/pdf/1577424376TDS_Kem-Tone_AlkaliResistingPrimer.pdf', 'kem-tone-alkali-resisting-primer', '2019-09-10 03:47:45', '2019-12-27 05:26:20'),
(40, 'Kem-Tone Clear Glaze', 'Cairan satin bening (transparan) yang dapat diaplikasikan langsung di atas permukaan cat atau dicampurkan dengan cat berwarna untuk memperpanjang rentang waktu pengeringan dan mengubah warna cat apa pun menjadi glasir. Cairan ini sangat berguna untuk pengerjaan teknik \'Faux Finish Painting\' untuk menciptakan tekstur dan nuansa permukaan tembok yang unik dengan bantuan peralatan seperti: sponges, sisir, kantong plastik, kain, line-free rags, dll. Kemasan: 3,78 liter & 0,94 liter. Daya sebar teoritis: 40-80m per gallon (tergantung tingkat porositas media, jenis warna & metode aplikasi).', '1', '8', 'img/products/1568087473Kemtone-Clear-Glaze.png', 'img/pdf/1577424443TDS_Kem-Tone_TechniqueGlaze.pdf', 'kem-tone-clear-glaze', '2019-09-10 03:51:13', '2019-12-27 05:27:23'),
(41, 'Sterling Auto Refinish Base Coat', 'STERLING AUTO REFINISH BASECOAT adalah cat satu komponen (1K) yang terbuat dari resin akrilik yang bermutu tinggi. Sterling Auto Refinish Basecoat dapat digunakan sebagai cat midle coat pada pengecatan mobil dan kendaraan lainnya. STERLING AUTO REFINISH BASECOAT memiliki intercoat adhesion yang sangat baik terhadap cat primer maupun cat clear topcoat, tahan terhadap cuaca luar dan menjaga warna tidak pudar dalam jangka waktu yang lama. Kemasan: 4 liter, daya sebar teoritis: 8 - 10 m/liter (per satu lapis) dan tampilan: semigloss.', '7', '7', 'img/products/1575010503Sterling_Auto_Refinish.jpg', 'img/pdf/1577424332TDS_Sterling_Auto_Refinish.pdf', 'sterling-auto-refinish-base-coat', '2019-11-29 06:55:03', '2020-12-08 04:16:39'),
(42, 'Sanlux Zinc Chromate', 'Zinc Chromate Sanlux adalah cat dasar/primer yang terbuat dari bahan Synthetic Alkid Chromate diformulasikan untuk memberikan perlindungan yang prima pada struktur besi dan baja terhadap proses terjadinya karat. Zinc Chromate Sanlux cepat kering dan memiliki ketahanan yang baik terhadap cuaca tropis, sehingga cocok untuk pemakaian di dalam maupun di luar ruangan. Kemasan: 1Kg, 5Kg & 25Kg.', '12', '8', 'img/products/1576219403Sanlux_Zinc_Chromate.jpg', 'img/pdf/1577424297TDS_Sanlux_Zinc_Chromate.pdf', 'sanlux-zinc-chromate', '2019-12-13 06:43:23', '2020-07-20 03:47:59'),
(44, 'Spectrum Waterproof SW 08', 'Spectrum Waterproof SW 08 adalah cat pelapis anti bocor (cat waterproofing) serbaguna yang dapat digunakan sebagai: cat dasar, cat tembok, cat genteng dan cat pelapis anti bocor. Spectrum Waterproof SW 08 bersifat elastis, kedap air serta sangat tahan cuaca sehingga sangat cocok untuk digunakan pada semua permukaan tembok, genteng, beton, galvanis/seng dan asbes. Kemasan: 1kg, 5kg dan 20kg. Daya sebar teoritis: 5-6m per kg (tergantung tingkat porositas media, jenis warna & metode aplikasi).', '2', '4', 'img/products/1594279168Spectrum Waterproof SW 08.png', 'img/pdf/1594279168TDS_Spectrum_Waterproof_SW_08.pdf', 'spectrum-waterproof-sw-08', '2020-07-09 07:19:28', '2020-07-09 07:23:14'),
(45, 'Spectrum Granite', 'Spectrum Granite adalah cat spesial tekstur berbahan dasar air yang diformulasikan secara khusus sehingga dapat membuat tampilan efek batu granit yang tahan cuaca pada permukaan yang dicat. Spectrum Granite cocok untuk penggunaan interior dan eksterior. Pengaplikasian khusus menggunakan spray gun dan tidak boleh diaduk dengan mesin pengaduk. Spectrum Granite adalah cat spesial proyek, info selengkapnya silahkan hubungi kami. ', '2', '8', 'img/products/1624937729Spectrum Granite.png', 'img/pdf/1624937729TDS_Spectrum_Granite.pdf', 'spectrum-granite', '2021-06-29 10:35:29', '2021-07-08 16:37:25');

-- --------------------------------------------------------

--
-- Struktur dari tabel `sliders`
--

CREATE TABLE `sliders` (
  `id` bigint(20) UNSIGNED NOT NULL,
  `judul` varchar(250) COLLATE utf8mb4_unicode_ci NOT NULL,
  `img` varchar(255) COLLATE utf8mb4_unicode_ci NOT NULL,
  `img_mobile` varchar(250) COLLATE utf8mb4_unicode_ci DEFAULT NULL,
  `link` varchar(255) COLLATE utf8mb4_unicode_ci NOT NULL,
  `status` enum('active','deactive') COLLATE utf8mb4_unicode_ci NOT NULL DEFAULT 'deactive',
  `slug` varchar(250) COLLATE utf8mb4_unicode_ci NOT NULL,
  `created_at` timestamp NULL DEFAULT NULL,
  `updated_at` timestamp NULL DEFAULT NULL
) ENGINE=InnoDB DEFAULT CHARSET=utf8mb4 COLLATE=utf8mb4_unicode_ci;

--
-- Dumping data untuk tabel `sliders`
--

INSERT INTO `sliders` (`id`, `judul`, `img`, `img_mobile`, `link`, `status`, `slug`, `created_at`, `updated_at`) VALUES
(1, 'cat decorative series', 'img/sliders/16443738801349x600.png', 'img/sliders/1644373880800x700.png', 'https://sci-paint.com/product/view/epoxy-epotone-decorative', 'deactive', 'cat-decorative-series', '2022-02-08 19:31:20', '2022-02-08 19:31:20'),
(2, 'cat besi anti karat', 'img/sliders/16443739961349x600.png', 'img/sliders/1644373996800x700.png', 'https://sci-paint.com/product/view/sanlux-zinc-chromate', 'deactive', 'cat-besi-anti-karat', '2022-02-08 19:33:16', '2022-02-08 19:33:16'),
(3, 'cat pelapis anti bocor', 'img/sliders/16443740411349x600.png', 'img/sliders/1644374041800x700.png', 'https://www.sci-paint.com/product/view/spectrum-waterproof-sw-08', 'deactive', 'cat-pelapis-anti-bocor', '2022-02-08 19:34:01', '2022-02-08 19:34:01');

-- --------------------------------------------------------

--
-- Struktur dari tabel `users`
--

CREATE TABLE `users` (
  `id` bigint(20) UNSIGNED NOT NULL,
  `name` varchar(255) COLLATE utf8mb4_unicode_ci NOT NULL,
  `email` varchar(255) COLLATE utf8mb4_unicode_ci NOT NULL,
  `email_verified_at` timestamp NULL DEFAULT NULL,
  `password` varchar(255) COLLATE utf8mb4_unicode_ci NOT NULL,
  `remember_token` varchar(100) COLLATE utf8mb4_unicode_ci DEFAULT NULL,
  `created_at` timestamp NULL DEFAULT NULL,
  `updated_at` timestamp NULL DEFAULT NULL
) ENGINE=InnoDB DEFAULT CHARSET=utf8mb4 COLLATE=utf8mb4_unicode_ci;

--
-- Dumping data untuk tabel `users`
--

INSERT INTO `users` (`id`, `name`, `email`, `email_verified_at`, `password`, `remember_token`, `created_at`, `updated_at`) VALUES
(1, 'scipaint', 'scipaint@gmail.com', NULL, '$2y$10$2E/6qqAiTQwH2m.qK5RYLOrnxvFbG2Z5GF4mEhDQldmArEt1DByjS', NULL, NULL, NULL);

--
-- Indexes for dumped tables
--

--
-- Indeks untuk tabel `akategoris`
--
ALTER TABLE `akategoris`
  ADD PRIMARY KEY (`id`),
  ADD UNIQUE KEY `akategoris_judul_unique` (`judul`);

--
-- Indeks untuk tabel `artikels`
--
ALTER TABLE `artikels`
  ADD PRIMARY KEY (`id`),
  ADD UNIQUE KEY `artikels_judul_unique` (`judul`);

--
-- Indeks untuk tabel `brands`
--
ALTER TABLE `brands`
  ADD PRIMARY KEY (`id`),
  ADD UNIQUE KEY `brands_judul_unique` (`judul`);

--
-- Indeks untuk tabel `brosurs`
--
ALTER TABLE `brosurs`
  ADD PRIMARY KEY (`id`);

--
-- Indeks untuk tabel `contacts`
--
ALTER TABLE `contacts`
  ADD PRIMARY KEY (`id`);

--
-- Indeks untuk tabel `failed_jobs`
--
ALTER TABLE `failed_jobs`
  ADD PRIMARY KEY (`id`);

--
-- Indeks untuk tabel `kategoris`
--
ALTER TABLE `kategoris`
  ADD PRIMARY KEY (`id`),
  ADD UNIQUE KEY `kategoris_judul_unique` (`judul`);

--
-- Indeks untuk tabel `migrations`
--
ALTER TABLE `migrations`
  ADD PRIMARY KEY (`id`);

--
-- Indeks untuk tabel `password_resets`
--
ALTER TABLE `password_resets`
  ADD KEY `password_resets_email_index` (`email`);

--
-- Indeks untuk tabel `products`
--
ALTER TABLE `products`
  ADD PRIMARY KEY (`id`),
  ADD UNIQUE KEY `products_judul_unique` (`judul`);

--
-- Indeks untuk tabel `sliders`
--
ALTER TABLE `sliders`
  ADD PRIMARY KEY (`id`);

--
-- Indeks untuk tabel `users`
--
ALTER TABLE `users`
  ADD PRIMARY KEY (`id`),
  ADD UNIQUE KEY `users_email_unique` (`email`);

--
-- AUTO_INCREMENT untuk tabel yang dibuang
--

--
-- AUTO_INCREMENT untuk tabel `akategoris`
--
ALTER TABLE `akategoris`
  MODIFY `id` int(10) UNSIGNED NOT NULL AUTO_INCREMENT, AUTO_INCREMENT=11;

--
-- AUTO_INCREMENT untuk tabel `artikels`
--
ALTER TABLE `artikels`
  MODIFY `id` int(10) UNSIGNED NOT NULL AUTO_INCREMENT, AUTO_INCREMENT=17;

--
-- AUTO_INCREMENT untuk tabel `brands`
--
ALTER TABLE `brands`
  MODIFY `id` int(10) UNSIGNED NOT NULL AUTO_INCREMENT, AUTO_INCREMENT=15;

--
-- AUTO_INCREMENT untuk tabel `brosurs`
--
ALTER TABLE `brosurs`
  MODIFY `id` bigint(20) UNSIGNED NOT NULL AUTO_INCREMENT, AUTO_INCREMENT=24;

--
-- AUTO_INCREMENT untuk tabel `contacts`
--
ALTER TABLE `contacts`
  MODIFY `id` bigint(20) UNSIGNED NOT NULL AUTO_INCREMENT, AUTO_INCREMENT=3;

--
-- AUTO_INCREMENT untuk tabel `failed_jobs`
--
ALTER TABLE `failed_jobs`
  MODIFY `id` bigint(20) UNSIGNED NOT NULL AUTO_INCREMENT;

--
-- AUTO_INCREMENT untuk tabel `kategoris`
--
ALTER TABLE `kategoris`
  MODIFY `id` int(10) UNSIGNED NOT NULL AUTO_INCREMENT, AUTO_INCREMENT=11;

--
-- AUTO_INCREMENT untuk tabel `migrations`
--
ALTER TABLE `migrations`
  MODIFY `id` int(10) UNSIGNED NOT NULL AUTO_INCREMENT, AUTO_INCREMENT=5;

--
-- AUTO_INCREMENT untuk tabel `products`
--
ALTER TABLE `products`
  MODIFY `id` int(10) UNSIGNED NOT NULL AUTO_INCREMENT, AUTO_INCREMENT=47;

--
-- AUTO_INCREMENT untuk tabel `sliders`
--
ALTER TABLE `sliders`
  MODIFY `id` bigint(20) UNSIGNED NOT NULL AUTO_INCREMENT, AUTO_INCREMENT=4;

--
-- AUTO_INCREMENT untuk tabel `users`
--
ALTER TABLE `users`
  MODIFY `id` bigint(20) UNSIGNED NOT NULL AUTO_INCREMENT, AUTO_INCREMENT=2;
COMMIT;

/*!40101 SET CHARACTER_SET_CLIENT=@OLD_CHARACTER_SET_CLIENT */;
/*!40101 SET CHARACTER_SET_RESULTS=@OLD_CHARACTER_SET_RESULTS */;
/*!40101 SET COLLATION_CONNECTION=@OLD_COLLATION_CONNECTION */;
